Period,Scenario,LoadLevel,P_Gas_CCGT,P_Gas_OCGT,P_Oil,RES_Hydro_Large,RES_Hydro_Small,RES_PV_Utility_Opt,RES_Wind_Onshore_Opt
2030,sc01,10-01 01:00:00+01:00,605.91,207.765,99.94572017,68.17283359,200.2318428,0,0.299504159
2030,sc01,10-01 03:00:00+01:00,605.91,207.765,88.08998703,30.73754142,200.2318428,0,0.048793217
2030,sc01,10-01 05:00:00+01:00,605.91,207.765,114,174.4636081,200.2318428,0,0
2030,sc01,10-01 07:00:00+01:00,605.91,207.765,525.3447933,200,200.2318428,0,0
2030,sc01,10-01 09:00:00+01:00,605.91,207.765,594.5673458,200,200.2318428,64.61660926,0.168869366
2030,sc01,10-01 11:00:00+01:00,605.91,207.765,312.6066561,200,200.2318428,232.6728194,0.458814881
2030,sc01,10-01 13:00:00+01:00,605.91,207.765,293.0763721,200,200.2318428,299.125132,2.051922109
2030,sc01,10-01 15:00:00+01:00,605.91,207.765,157.9530574,200,200.2318428,302.8188999,3.982768069
2030,sc01,10-01 17:00:00+01:00,605.91,207.765,372.1373025,200,200.2318428,183.317897,5.862634598
2030,sc01,10-01 19:00:00+01:00,605.91,207.765,659.5638215,200,200.2318428,33.98860781,14.78084886
2030,sc01,10-01 21:00:00+01:00,605.91,207.765,473.2655955,200,200.2318428,0,28.96906183
2030,sc01,10-01 23:00:00+01:00,605.91,207.765,120.4304886,200,200.2318428,0,35.2236008
2030,sc01,10-02 01:00:00+01:00,605.91,207.765,69.26955064,73.1725858,200.2318428,0,25.22207363
2030,sc01,10-02 03:00:00+01:00,605.91,207.765,99.61249456,0,200.2318428,0,18.79866529
2030,sc01,10-02 05:00:00+01:00,605.91,207.765,114,150.7908758,200.2318428,0,22.74001257
2030,sc01,10-02 07:00:00+01:00,605.91,207.765,503.0736975,200,200.2318428,0,21.4464095
2030,sc01,10-02 09:00:00+01:00,605.91,207.765,569.152127,200,200.2318428,74.55204231,14.84138694
2030,sc01,10-02 11:00:00+01:00,605.91,207.765,285.6846753,200,200.2318428,259.0860139,0.685036108
2030,sc01,10-02 13:00:00+01:00,605.91,207.765,231.7183442,200,200.2318428,362.3180906,0.025811818
2030,sc01,10-02 15:00:00+01:00,605.91,207.765,114,194.6623696,200.2318428,351.0915347,5.356026499
2030,sc01,10-02 17:00:00+01:00,605.91,207.765,305.0397832,200,200.2318428,242.7880473,12.5186366
2030,sc01,10-02 19:00:00+01:00,605.91,207.765,631.2176597,200,200.2318428,57.98867352,18.1168154
2030,sc01,10-02 21:00:00+01:00,605.91,207.765,494.0660349,200,200.2318428,0,8.927772904
2030,sc01,10-02 23:00:00+01:00,605.91,207.765,155.7880077,200,200.2318428,0,0.219848797
2030,sc01,10-03 01:00:00+01:00,605.91,207.765,96.72405208,69.91395341,200.2318428,0,1.733300664
2030,sc01,10-03 03:00:00+01:00,605.91,207.765,88.87054787,29.04979207,200.2318428,0,0.933560835
2030,sc01,10-03 05:00:00+01:00,605.91,207.765,114,174.2679109,200.2318428,0,0.187986653
2030,sc01,10-03 07:00:00+01:00,605.91,207.765,525.3144643,200,200.2318428,0,0.029205944
2030,sc01,10-03 09:00:00+01:00,605.91,207.765,591.9459146,200,200.2318428,67.30166112,0.05735186
2030,sc01,10-03 11:00:00+01:00,605.91,207.765,300.6202181,200,200.2318428,245.0182608,0
2030,sc01,10-03 13:00:00+01:00,605.91,207.765,254.0073702,200,200.2318428,340.0768153,0
2030,sc01,10-03 15:00:00+01:00,605.91,207.765,131.3167882,200,200.2318428,333.5372832,0.050979431
2030,sc01,10-03 17:00:00+01:00,605.91,207.765,324.5194547,200,200.2318428,236.212146,0.054165645
2030,sc01,10-03 19:00:00+01:00,605.91,207.765,650.1826924,200,200.2318428,57.26154681,0.541656458
2030,sc01,10-03 21:00:00+01:00,605.91,207.765,489.9201898,200,200.2318428,0,12.92009962
2030,sc01,10-03 23:00:00+01:00,605.91,207.765,134.21249,200,200.2318428,0,21.55474079
2030,sc01,10-04 01:00:00+01:00,605.91,207.765,62.46987161,87.87503215,200.2318428,0,17.51462086
2030,sc01,10-04 03:00:00+01:00,605.91,207.765,93.93014859,0,200.2318428,0,24.34267844
2030,sc01,10-04 05:00:00+01:00,605.91,207.765,114,140.7870982,200.2318428,0,32.34963536
2030,sc01,10-04 07:00:00+01:00,605.91,207.765,494.8283297,200,200.2318428,0,29.38645592
2030,sc01,10-04 09:00:00+01:00,605.91,207.765,557.7953413,200,200.2318428,79.94195744,20.42682087
2030,sc01,10-04 11:00:00+01:00,605.91,207.765,269.1624259,200,200.2318428,256.1214325,19.7927642
2030,sc01,10-04 13:00:00+01:00,605.91,207.765,213.2526222,200,200.2318428,354.3656098,26.14607582
2030,sc01,10-04 15:00:00+01:00,605.91,207.765,114,154.6181365,200.2318428,361.4633661,33.71652136
2030,sc01,10-04 17:00:00+01:00,605.91,207.765,274.7955855,200,200.2318428,251.4009534,33.63686601
2030,sc01,10-04 19:00:00+01:00,605.91,207.765,613.8098811,200,200.2318428,63.65952986,29.25263492
2030,sc01,10-04 21:00:00+01:00,605.91,207.765,479.9410448,200,200.2318428,0,22.52972242
2030,sc01,10-04 23:00:00+01:00,605.91,207.765,120.2733311,200,200.2318428,0,35.37972531
2030,sc01,10-05 01:00:00+01:00,605.91,207.765,99.34541977,3.984560873,200.2318428,0,63.38655037
2030,sc01,10-05 03:00:00+01:00,605.91,207.765,28.73204459,14.43583453,200.2318428,0,73.87875458
2030,sc01,10-05 05:00:00+01:00,605.91,207.765,114,107.1093125,200.2318428,0,64.74069152
2030,sc01,10-05 07:00:00+01:00,605.91,207.765,462.4436217,200,200.2318428,0,60.70694401
2030,sc01,10-05 09:00:00+01:00,605.91,207.765,554.3471129,200,200.2318428,74.90481446,28.72690953
2030,sc01,10-05 11:00:00+01:00,605.91,207.765,250.2438546,200,200.2318428,273.1890741,21.50057514
2030,sc01,10-05 13:00:00+01:00,605.91,207.765,198.5379384,200,200.2318428,375.4816135,19.91065413
2030,sc01,10-05 15:00:00+01:00,605.91,207.765,114,175.7594424,200.2318428,370.0645878,4.811183828
2030,sc01,10-05 17:00:00+01:00,605.91,207.765,297.5678488,200,200.2318428,260.2854475,2.584019923
2030,sc01,10-05 19:00:00+01:00,605.91,207.765,625.6617476,200,200.2318428,68.3603871,13.15587949
2030,sc01,10-05 21:00:00+01:00,605.91,207.765,475.1740055,200,200.2318428,0,27.12424366
2030,sc01,10-05 23:00:00+01:00,605.91,207.765,114,196.2515331,200.2318428,0,45.21875555
2030,sc01,10-06 01:00:00+01:00,605.91,207.765,87.41958098,34.58206257,200.2318428,0,45.16458991
2030,sc01,10-06 03:00:00+01:00,605.91,207.765,77.75505688,0,200.2318428,0,40.12399864
2030,sc01,10-06 05:00:00+01:00,605.91,207.765,114,149.3679247,200.2318428,0,24.10689857
2030,sc01,10-06 07:00:00+01:00,605.91,207.765,515.7130655,200,200.2318428,0,9.275070279
2030,sc01,10-06 09:00:00+01:00,605.91,207.765,579.3765616,200,200.2318428,78.18375263,1.366886001
2030,sc01,10-06 11:00:00+01:00,605.91,207.765,287.9017573,200,200.2318428,257.4809911,0.079655361
2030,sc01,10-06 13:00:00+01:00,605.91,207.765,226.8848702,200,200.2318428,365.6964902,1.468844863
2030,sc01,10-06 15:00:00+01:00,605.91,207.765,114,182.5433244,200.2318428,360.9013117,7.328293247
2030,sc01,10-06 17:00:00+01:00,605.91,207.765,312.7650359,200,200.2318428,241.4965502,6.302332192
2030,sc01,10-06 19:00:00+01:00,605.91,207.765,640.3155359,200,200.2318428,57.34672911,9.991968532
2030,sc01,10-06 21:00:00+01:00,605.91,207.765,495.9453964,200,200.2318428,0,7.118003093
2030,sc01,10-06 23:00:00+01:00,605.91,207.765,154.7239558,200,200.2318428,0,1.271299567
2030,sc01,10-07 01:00:00+01:00,605.91,207.765,100.1103832,68.08384302,200.2318428,0,0.226221226
2030,sc01,10-07 03:00:00+01:00,605.91,207.765,89.02514991,28.71550742,200.2318428,0,1.10880263
2030,sc01,10-07 05:00:00+01:00,605.91,207.765,114,171.5148819,200.2318428,0,2.832544651
2030,sc01,10-07 07:00:00+01:00,605.91,207.765,522.6911878,200,200.2318428,0,2.555343993
2030,sc01,10-07 09:00:00+01:00,605.91,207.765,578.8193951,200,200.2318428,79.20744285,0.920815978
2030,sc01,10-07 11:00:00+01:00,605.91,207.765,277.446371,200,200.2318428,267.7428604,0.210290154
2030,sc01,10-07 13:00:00+01:00,605.91,207.765,236.7201113,200,200.2318428,357.216907,0.11470372
2030,sc01,10-07 15:00:00+01:00,605.91,207.765,141.0312904,200,200.2318428,323.7756987,0.021417692
2030,sc01,10-07 17:00:00+01:00,605.91,207.765,347.6436178,200,200.2318428,208.7803248,4.575403958
2030,sc01,10-07 19:00:00+01:00,605.91,207.765,642.186381,200,200.2318428,45.41894493,20.08908214
2030,sc01,10-07 21:00:00+01:00,605.91,207.765,471.9471775,200,200.2318428,0,30.2435476
2030,sc01,10-07 23:00:00+01:00,605.91,207.765,145.6633932,200,200.2318428,0,10.22456219
2030,sc01,10-08 01:00:00+01:00,605.91,207.765,64.02151394,84.52002993,200.2318428,0,19.27341124
2030,sc01,10-08 03:00:00+01:00,605.91,207.765,100.3636093,0,200.2318428,0,18.06583596
2030,sc01,10-08 05:00:00+01:00,605.91,207.765,114,146.6746,200.2318428,0,26.6941047
2030,sc01,10-08 07:00:00+01:00,605.91,207.765,497.1808403,200,200.2318428,0,27.12105744
2030,sc01,10-08 09:00:00+01:00,605.91,207.765,594.5488779,200,200.2318428,33.8154127,30.858487
2030,sc01,10-08 11:00:00+01:00,605.91,207.765,311.5043769,200,200.2318428,199.9600831,33.88220452
2030,sc01,10-08 13:00:00+01:00,605.91,207.765,259.5058226,200,200.2318428,311.6379478,22.65398478
2030,sc01,10-08 15:00:00+01:00,605.91,207.765,151.0837032,200,200.2318428,297.9377412,15.51367818
2030,sc01,10-08 17:00:00+01:00,605.91,207.765,332.0696026,200,200.2318428,206.9934101,21.54518214
2030,sc01,10-08 19:00:00+01:00,605.91,207.765,622.2884734,200,200.2318428,41.07310177,43.64157939
2030,sc01,10-08 21:00:00+01:00,605.91,207.765,455.0129697,200,200.2318428,0,46.62387612
2030,sc01,10-08 23:00:00+01:00,605.91,207.765,128.8814137,200,200.2318428,0,26.83429814
2030,sc01,10-09 01:00:00+01:00,605.91,207.765,75.34962742,60.02608251,200.2318428,0,32.11385549
2030,sc01,10-09 03:00:00+01:00,605.91,207.765,55.38114072,5.982315995,200.2318428,0,56.11560899
2030,sc01,10-09 05:00:00+01:00,605.91,207.765,113.5390057,104.0699475,200.2318428,0,68.13082369
2030,sc01,10-09 07:00:00+01:00,605.91,207.765,475.1413112,200,200.2318428,0,48.39859758
2030,sc01,10-09 09:00:00+01:00,605.91,207.765,573.0561296,200,200.2318428,53.98142756,31.47024018
2030,sc01,10-09 11:00:00+01:00,605.91,207.765,278.4542055,200,200.2318428,251.8655977,14.90511122
2030,sc01,10-09 13:00:00+01:00,605.91,207.765,225.192597,200,200.2318428,364.7495988,4.065609645
2030,sc01,10-09 15:00:00+01:00,605.91,207.765,114,181.6965617,200.2318428,361.225587,7.818970273
2030,sc01,10-09 17:00:00+01:00,605.91,207.765,294.6144299,200,200.2318428,251.7973557,13.83135695
2030,sc01,10-09 19:00:00+01:00,605.91,207.765,620.1551378,200,200.2318428,63.23786681,23.5620559
2030,sc01,10-09 21:00:00+01:00,605.91,207.765,471.765895,200,200.2318428,0,30.41878941
2030,sc01,10-09 23:00:00+01:00,605.91,207.765,134.0773632,200,200.2318428,0,21.68856179
2030,sc01,10-10 01:00:00+01:00,605.91,207.765,71.27937722,68.82688545,200.2318428,0,27.50021697
2030,sc01,10-10 03:00:00+01:00,605.91,207.765,62.92612456,1.899653983,200.2318428,0,52.73822167
2030,sc01,10-10 05:00:00+01:00,605.91,207.765,114,128.4071129,200.2318428,0,44.24377393
2030,sc01,10-10 07:00:00+01:00,605.91,207.765,487.9263083,200,200.2318428,0,36.03289927
2030,sc01,10-10 09:00:00+01:00,605.91,207.765,572.240239,200,200.2318428,65.42710912,20.88563576
2030,sc01,10-10 11:00:00+01:00,605.91,207.765,273.7512604,200,200.2318428,252.0846078,19.27341124
2030,sc01,10-10 13:00:00+01:00,605.91,207.765,204.7777238,200,200.2318428,368.6776276,20.41726223
2030,sc01,10-10 15:00:00+01:00,605.91,207.765,114,159.3656575,200.2318428,364.2926276,26.3181314
2030,sc01,10-10 17:00:00+01:00,605.91,207.765,265.7798213,200,200.2318428,254.6848515,39.24141723
2030,sc01,10-10 19:00:00+01:00,605.91,207.765,582.4811606,200,200.2318428,65.10914306,58.06557223
2030,sc01,10-10 21:00:00+01:00,605.91,207.765,434.6673661,200,200.2318428,0,66.38796439
2030,sc01,10-10 23:00:00+01:00,605.91,207.765,114,186.409617,200.2318428,0,54.67544005
2030,sc01,10-11 01:00:00+01:00,605.91,207.765,84.57299905,40.54643507,200.2318428,0,42.1217551
2030,sc01,10-11 03:00:00+01:00,605.91,207.765,82.53933093,0,200.2318428,0,35.45619446
2030,sc01,10-11 05:00:00+01:00,605.91,207.765,114,123.9417494,200.2318428,0,48.53879101
2030,sc01,10-11 07:00:00+01:00,605.91,207.765,450.0613749,200,200.2318428,0,72.75083466
2030,sc01,10-11 09:00:00+01:00,605.91,207.765,497.1796675,200,200.2318428,82.73378896,76.37993292
2030,sc01,10-11 11:00:00+01:00,605.91,207.765,212.6624487,200,200.2318428,266.7949224,64.95416789
2030,sc01,10-11 13:00:00+01:00,605.91,207.765,196.6303439,200,200.2318428,358.3573626,38.7730437
2030,sc01,10-11 15:00:00+01:00,605.91,207.765,114,150.8263304,200.2318428,365.796006,33.08883712
2030,sc01,10-11 17:00:00+01:00,605.91,207.765,252.0659025,200,200.2318428,255.7066513,51.7090744
2030,sc01,10-11 19:00:00+01:00,605.91,207.765,562.7178438,200,200.2318428,66.56274756,75.73631761
2030,sc01,10-11 21:00:00+01:00,605.91,207.765,449.6469521,200,200.2318428,0,51.83652297
2030,sc01,10-11 23:00:00+01:00,605.91,207.765,140.316731,200,200.2318428,0,15.51049197
2030,sc01,10-12 01:00:00+01:00,605.91,207.765,76.42038385,80.88687746,200.2318428,0,10.76940486
2030,sc01,10-12 03:00:00+01:00,605.91,207.765,96.42188995,0,200.2318428,0,21.91159681
2030,sc01,10-12 05:00:00+01:00,605.91,207.765,114,140.826901,200.2318428,0,32.31140079
2030,sc01,10-12 07:00:00+01:00,605.91,207.765,504.9729114,200,200.2318428,0,19.6175224
2030,sc01,10-12 09:00:00+01:00,605.91,207.765,568.2203882,200,200.2318428,81.7214559,8.625082531
2030,sc01,10-12 11:00:00+01:00,605.91,207.765,271.5256187,200,200.2318428,273.0612553,0.75831904
2030,sc01,10-12 13:00:00+01:00,605.91,207.765,214.5949053,200,200.2318428,373.6042854,5.818027595
2030,sc01,10-12 15:00:00+01:00,605.91,207.765,114,174.574507,200.2318428,361.2441875,14.65658649
2030,sc01,10-12 17:00:00+01:00,605.91,207.765,268.0742866,200,200.2318428,257.4674102,34.24224675
2030,sc01,10-12 19:00:00+01:00,605.91,207.765,582.0089645,200,200.2318428,65.93133296,57.69597136
2030,sc01,10-12 21:00:00+01:00,605.91,207.765,455.2925272,200,200.2318428,0,46.3530479
2030,sc01,10-12 23:00:00+01:00,605.91,207.765,129.4637461,200,200.2318428,0,26.25759332
2030,sc01,10-13 01:00:00+01:00,605.91,207.765,71.16131747,69.08215736,200.2318428,0,27.36639596
2030,sc01,10-13 03:00:00+01:00,605.91,207.765,73.00017428,0,200.2318428,0,44.76312688
2030,sc01,10-13 05:00:00+01:00,605.91,207.765,114,143.7988456,200.2318428,0,29.45655264
2030,sc01,10-13 07:00:00+01:00,605.91,207.765,517.0266333,200,200.2318428,0,8.010143141
2030,sc01,10-13 09:00:00+01:00,605.91,207.765,571.6985464,200,200.2318428,86.82809125,0.219848798
2030,sc01,10-13 11:00:00+01:00,605.91,207.765,264.868204,200,200.2318428,278.8475411,1.573989941
2030,sc01,10-13 13:00:00+01:00,605.91,207.765,199.0167737,200,200.2318428,377.2523673,17.6771178
2030,sc01,10-13 15:00:00+01:00,605.91,207.765,114,135.3236618,200.2318428,370.3585627,43.56192403
2030,sc01,10-13 17:00:00+01:00,605.91,207.765,217.6141156,200,200.2318428,261.771948,79.7445754
2030,sc01,10-13 19:00:00+01:00,605.91,207.765,536.7599684,200,200.2318428,66.80786354,100.6588871
2030,sc01,10-13 21:00:00+01:00,605.91,207.765,414.4206991,200,200.2318428,0,86.12019052
2030,sc01,10-13 23:00:00+01:00,605.91,207.765,114,169.1895799,200.2318428,0,71.22145173
2030,sc01,10-14 01:00:00+01:00,605.91,207.765,99.33945647,9.606643109,200.2318428,0,57.90626152
2030,sc01,10-14 03:00:00+01:00,605.91,207.765,71.50774203,0,200.2318428,0,46.21922689
2030,sc01,10-14 05:00:00+01:00,605.91,207.765,114,134.3158217,200.2318428,0,38.56593977
2030,sc01,10-14 07:00:00+01:00,605.91,207.765,487.343971,200,200.2318428,0,36.59367302
2030,sc01,10-14 09:00:00+01:00,605.91,207.765,546.0271222,200,200.2318428,80.75012431,30.95725965
2030,sc01,10-14 11:00:00+01:00,605.91,207.765,262.6641989,200,200.2318428,266.9347666,15.49137468
2030,sc01,10-14 13:00:00+01:00,605.91,207.765,200.6625382,200,200.2318428,374.5759073,18.68396156
2030,sc01,10-14 15:00:00+01:00,605.91,207.765,114,139.7131883,200.2318428,369.4855347,40.1813505
2030,sc01,10-14 17:00:00+01:00,605.91,207.765,256.0771408,200,200.2318428,258.2483685,45.24743148
2030,sc01,10-14 19:00:00+01:00,605.91,207.765,600.2920204,200,200.2318428,64.92857107,41.03206975
2030,sc01,10-14 21:00:00+01:00,605.91,207.765,475.4640575,200,200.2318428,0,26.84385678
2030,sc01,10-14 23:00:00+01:00,605.91,207.765,133.3309481,200,200.2318428,0,22.42776355
2030,sc01,10-15 01:00:00+01:00,605.91,207.765,62.7318741,90.22506953,198.2914754,0,16.8614469
2030,sc01,10-15 03:00:00+01:00,605.91,207.765,97.64499904,12.46233086,198.2914754,0,10.45078341
2030,sc01,10-15 05:00:00+01:00,605.91,207.765,114,176.2404063,198.2914754,0,0.157124509
2030,sc01,10-15 07:00:00+01:00,605.91,207.765,527.2207027,200,198.2914754,0,0.060538075
2030,sc01,10-15 09:00:00+01:00,605.91,207.765,590.7529204,200,198.2914754,70.27119669,0.11470372
2030,sc01,10-15 11:00:00+01:00,605.91,207.765,272.2503105,200,198.2914754,270.3001537,4.626383389
2030,sc01,10-15 13:00:00+01:00,605.91,207.765,221.8397817,200,198.2914754,372.3317724,1.75879038
2030,sc01,10-15 15:00:00+01:00,605.91,207.765,114,192.8358741,198.2914754,357.9433378,2.19530176
2030,sc01,10-15 17:00:00+01:00,605.91,207.765,315.1748864,200,198.2914754,242.2612526,5.050149912
2030,sc01,10-15 19:00:00+01:00,605.91,207.765,641.7034091,200,198.2914754,57.77140155,10.12897575
2030,sc01,10-15 21:00:00+01:00,605.91,207.765,485.3308308,200,198.2914754,0,19.20650074
2030,sc01,10-15 23:00:00+01:00,605.91,207.765,142.5034617,200,198.2914754,0,15.21098781
2030,sc01,10-16 01:00:00+01:00,605.91,207.765,84.83967646,83.20052328,193.3680705,0,7.02241666
2030,sc01,10-16 03:00:00+01:00,605.91,207.765,96.50934698,19.76523934,193.3680705,0,9.236835706
2030,sc01,10-16 05:00:00+01:00,605.91,207.765,114,173.0649766,193.3680705,0,7.936860208
2030,sc01,10-16 07:00:00+01:00,605.91,207.765,525.1288583,200,193.3680705,0,6.812126506
2030,sc01,10-16 09:00:00+01:00,605.91,207.765,593.7288834,200,193.3680705,71.32490425,0.96542298
2030,sc01,10-16 11:00:00+01:00,605.91,207.765,301.7761159,200,193.3680705,249.0320892,1.487962151
2030,sc01,10-16 13:00:00+01:00,605.91,207.765,259.9947552,200,193.3680705,340.1923981,0.64361532
2030,sc01,10-16 15:00:00+01:00,605.91,207.765,159.2589887,200,193.3680705,311.1122121,1.038705913
2030,sc01,10-16 17:00:00+01:00,605.91,207.765,355.5569285,200,193.3680705,200.0640139,12.03114578
2030,sc01,10-16 19:00:00+01:00,605.91,207.765,666.9923892,200,193.3680705,38.37121057,7.863577276
2030,sc01,10-16 21:00:00+01:00,605.91,207.765,481.8427003,200,193.3680705,0,27.30267167
2030,sc01,10-16 23:00:00+01:00,605.91,207.765,133.5815417,200,193.3680705,0,28.77470274
2030,sc01,10-17 01:00:00+01:00,605.91,207.765,77.87533458,66.04830131,188.7634268,0,34.96233122
2030,sc01,10-17 03:00:00+01:00,605.91,207.765,93.87898011,0,188.7634268,0,35.58364304
2030,sc01,10-17 05:00:00+01:00,605.91,207.765,114,150.7662251,188.7634268,0,33.78024566
2030,sc01,10-17 07:00:00+01:00,605.91,207.765,507.2634127,200,188.7634268,0,28.44652266
2030,sc01,10-17 09:00:00+01:00,605.91,207.765,584.2154963,200,188.7634268,65.09866046,20.76455961
2030,sc01,10-17 11:00:00+01:00,605.91,207.765,298.6219867,200,188.7634268,235.101161,22.86108872
2030,sc01,10-17 13:00:00+01:00,605.91,207.765,219.1729342,200,188.7634268,350.2429442,35.44344961
2030,sc01,10-17 15:00:00+01:00,605.91,207.765,114,193.8277674,188.7634268,332.7455554,35.42433232
2030,sc01,10-17 17:00:00+01:00,605.91,207.765,296.1602564,200,188.7634268,212.7969605,61.96549873
2030,sc01,10-17 19:00:00+01:00,605.91,207.765,562.8880133,200,188.7634268,45.9057787,107.4614549
2030,sc01,10-17 21:00:00+01:00,605.91,207.765,409.2847003,200,188.7634268,0,102.2010149
2030,sc01,10-17 23:00:00+01:00,605.91,207.765,114,167.6691869,188.7634268,0,83.70185374
2030,sc01,10-18 01:00:00+01:00,605.91,207.765,100.6550638,0,185.0839527,0,80.81514344
2030,sc01,10-18 03:00:00+01:00,605.91,207.765,50.46040659,0,185.0839527,0,81.58302113
2030,sc01,10-18 05:00:00+01:00,605.91,207.765,104.5611656,88.87401232,185.0839527,0,106.4163766
2030,sc01,10-18 07:00:00+01:00,605.91,207.765,420.414985,200,185.0839527,0,116.2554068
2030,sc01,10-18 09:00:00+01:00,605.91,207.765,466.5767485,200,185.0839527,83.13973696,120.4580237
2030,sc01,10-18 11:00:00+01:00,605.91,207.765,173.6443517,200,185.0839527,263.851881,121.442564
2030,sc01,10-18 13:00:00+01:00,605.91,207.765,114,184.5762248,185.0839527,356.7706418,153.5596057
2030,sc01,10-18 15:00:00+01:00,605.91,207.765,114,37.64678386,185.0839527,353.0669508,170.8320742
2030,sc01,10-18 17:00:00+01:00,605.91,207.765,143.849868,200,185.0839527,243.6423304,186.4094767
2030,sc01,10-18 19:00:00+01:00,605.91,207.765,437.0075689,200,185.0839527,57.24958488,222.3021826
2030,sc01,10-18 21:00:00+01:00,605.91,207.765,292.5061723,200,185.0839527,0,220.3554056
2030,sc01,10-18 23:00:00+01:00,605.91,207.765,114,54.41344697,185.0839527,0,197.3445647
2030,sc01,10-19 01:00:00+01:00,605.91,207.765,26.48131628,0,182.3503995,0,156.1914188
2030,sc01,10-19 03:00:00+01:00,605.91,207.765,8.016975022,0,182.3503995,0,125.9064504
2030,sc01,10-19 05:00:00+01:00,605.91,207.765,114,71.35306398,182.3503995,0,116.9723051
2030,sc01,10-19 07:00:00+01:00,605.91,207.765,461.0372209,200,182.3503995,0,79.33355372
2030,sc01,10-19 09:00:00+01:00,605.91,207.765,558.1122225,200,182.3503995,68.49240138,48.81599167
2030,sc01,10-19 11:00:00+01:00,605.91,207.765,284.4047542,200,182.3503995,250.0445303,28.08010799
2030,sc01,10-19 13:00:00+01:00,605.91,207.765,227.8373572,200,182.3503995,358.4010823,24.96717647
2030,sc01,10-19 15:00:00+01:00,605.91,207.765,114,161.6741175,182.3503995,356.8728254,48.74270874
2030,sc01,10-19 17:00:00+01:00,605.91,207.765,276.0924809,200,182.3503995,243.9577548,56.95039717
2030,sc01,10-19 19:00:00+01:00,605.91,207.765,613.7318751,200,182.3503995,50.92814093,59.48662388
2030,sc01,10-19 21:00:00+01:00,605.91,207.765,463.9995386,200,182.3503995,0,55.13106872
2030,sc01,10-19 23:00:00+01:00,605.91,207.765,114.65241,200,182.3503995,0,58.1452276
2030,sc01,10-20 01:00:00+01:00,605.91,207.765,80.96633505,68.63671389,179.6985176,0,38.26643561
2030,sc01,10-20 03:00:00+01:00,605.91,207.765,106.1758027,13.18090743,179.6985176,0,19.56972919
2030,sc01,10-20 05:00:00+01:00,605.91,207.765,114,170.0173415,179.6985176,0,23.99538107
2030,sc01,10-20 07:00:00+01:00,605.91,207.765,518.021574,200,179.6985176,0,26.80880842
2030,sc01,10-20 09:00:00+01:00,605.91,207.765,569.6402315,200,179.6985176,85.02984186,23.80739441
2030,sc01,10-20 11:00:00+01:00,605.91,207.765,278.5862277,200,179.6985176,271.0413337,15.55191275
2030,sc01,10-20 13:00:00+01:00,605.91,207.765,236.3887349,200,179.6985176,359.7723995,17.66755916
2030,sc01,10-20 15:00:00+01:00,605.91,207.765,122.1054031,200,179.6985176,353.0755569,9.823099165
2030,sc01,10-20 17:00:00+01:00,605.91,207.765,329.761477,200,179.6985176,242.8639507,8.115288218
2030,sc01,10-20 19:00:00+01:00,605.91,207.765,640.0823867,200,179.6985176,56.47611599,31.13887387
2030,sc01,10-20 21:00:00+01:00,605.91,207.765,503.4519277,200,179.6985176,0,19.64619833
2030,sc01,10-20 23:00:00+01:00,605.91,207.765,172.3594002,200,179.6985176,0,3.59723612
2030,sc01,10-21 01:00:00+01:00,605.91,207.765,85.54128418,98.48803398,177.7013826,0,6.710167642
2030,sc01,10-21 03:00:00+01:00,605.91,207.765,89.10385641,51.07578635,177.7013826,0,1.198016635
2030,sc01,10-21 05:00:00+01:00,605.91,207.765,114,196.7353499,177.7013826,0,0.248524727
2030,sc01,10-21 07:00:00+01:00,605.91,207.765,546.2586482,200,177.7013826,0,1.538941582
2030,sc01,10-21 09:00:00+01:00,605.91,207.765,628.7535083,200,177.7013826,48.40189443,5.209460634
2030,sc01,10-21 11:00:00+01:00,605.91,207.765,384.4313213,200,177.7013826,182.6530116,1.503893223
2030,sc01,10-21 13:00:00+01:00,605.91,207.765,333.8610807,200,177.7013826,277.2959437,5.512151008
2030,sc01,10-21 15:00:00+01:00,605.91,207.765,224.6146032,200,177.7013826,253.6636764,8.354254302
2030,sc01,10-21 17:00:00+01:00,605.91,207.765,435.9839321,200,177.7013826,142.2250533,5.856262168
2030,sc01,10-21 19:00:00+01:00,605.91,207.765,666.9923892,200,177.7013826,26.11158049,21.02582919
2030,sc01,10-21 21:00:00+01:00,605.91,207.765,472.5919428,200,177.7013826,0,51.29805273
2030,sc01,10-21 23:00:00+01:00,605.91,207.765,114.3397564,200,177.7013826,0,62.92454928
2030,sc01,10-22 01:00:00+01:00,605.91,207.765,68.69570235,44.57271443,176.2285408,0,77.10638982
2030,sc01,10-22 03:00:00+01:00,605.91,207.765,45.72659902,0,176.2285408,0,94.87272162
2030,sc01,10-22 05:00:00+01:00,605.91,207.765,100.0274995,107.2287023,176.2285408,0,101.5701444
2030,sc01,10-22 07:00:00+01:00,605.91,207.765,442.6829321,200,176.2285408,0,103.1441343
2030,sc01,10-22 09:00:00+01:00,605.91,207.765,522.2373402,200,176.2285408,82.12786594,75.97209747
2030,sc01,10-22 11:00:00+01:00,605.91,207.765,228.4160166,200,176.2285408,267.43483,71.76948061
2030,sc01,10-22 13:00:00+01:00,605.91,207.765,189.4985606,200,176.2285408,365.1199198,62.41475497
2030,sc01,10-22 15:00:00+01:00,605.91,207.765,114,164.767455,176.2285408,361.0828295,47.49371267
2030,sc01,10-22 17:00:00+01:00,605.91,207.765,283.9525116,200,176.2285408,250.817329,48.3380595
2030,sc01,10-22 19:00:00+01:00,605.91,207.765,605.5026218,200,176.2285408,60.41202821,63.96644141
2030,sc01,10-22 21:00:00+01:00,605.91,207.765,452.8364365,200,176.2285408,0,71.88737054
2030,sc01,10-22 23:00:00+01:00,605.91,207.765,114,177.2528244,176.2285408,0,86.53758461
2030,sc01,10-23 01:00:00+01:00,605.91,207.765,92.51362129,50.66780076,173.4726883,0,50.60983041
2030,sc01,10-23 03:00:00+01:00,605.91,207.765,100.2737946,8.449631502,173.4726883,0,36.02015442
2030,sc01,10-23 05:00:00+01:00,605.91,207.765,114,179.4141294,173.4726883,0,20.94936005
2030,sc01,10-23 07:00:00+01:00,605.91,207.765,549.6004406,200,173.4726883,0,2.389660841
2030,sc01,10-23 09:00:00+01:00,605.91,207.765,600.9669221,200,173.4726883,84.52668355,0.165683152
2030,sc01,10-23 11:00:00+01:00,605.91,207.765,293.321457,200,173.4726883,273.1827808,4.992798051
2030,sc01,10-23 13:00:00+01:00,605.91,207.765,240.0697993,200,173.4726883,365.8721505,13.98110903
2030,sc01,10-23 15:00:00+01:00,605.91,207.765,143.6173115,200,173.4726883,327.9044346,19.13640402
2030,sc01,10-23 17:00:00+01:00,605.91,207.765,348.8713082,200,173.4726883,220.2309912,17.82049745
2030,sc01,10-23 19:00:00+01:00,605.91,207.765,666.9923892,200,173.4726883,47.54389103,19.53149461
2030,sc01,10-23 21:00:00+01:00,605.91,207.765,499.7298998,200,173.4726883,0,29.22077277
2030,sc01,10-23 23:00:00+01:00,605.91,207.765,149.2376833,200,173.4726883,0,32.39742858
2030,sc01,10-24 01:00:00+01:00,605.91,207.765,66.7762413,109.7387458,169.0567824,0,22.39590141
2030,sc01,10-24 03:00:00+01:00,605.91,207.765,104.9298642,26.43322662,169.0567824,0,18.23789154
2030,sc01,10-24 05:00:00+01:00,605.91,207.765,114,186.9180715,169.0567824,0,17.98299439
2030,sc01,10-24 07:00:00+01:00,605.91,207.765,536.4646354,200,169.0567824,0,19.34032175
2030,sc01,10-24 09:00:00+01:00,605.91,207.765,593.1948879,200,169.0567824,79.21102298,17.23423399
2030,sc01,10-24 11:00:00+01:00,605.91,207.765,285.6923893,200,169.0567824,273.9968252,15.89921013
2030,sc01,10-24 13:00:00+01:00,605.91,207.765,233.3014342,200,169.0567824,368.7743327,22.07727996
2030,sc01,10-24 15:00:00+01:00,605.91,207.765,114,192.1294514,169.0567824,353.1531437,35.81942291
2030,sc01,10-24 17:00:00+01:00,605.91,207.765,297.9793926,200,169.0567824,230.0256137,62.09613351
2030,sc01,10-24 19:00:00+01:00,605.91,207.765,605.6773508,200,169.0567824,51.56862945,79.6362441
2030,sc01,10-24 21:00:00+01:00,605.91,207.765,457.1114524,200,169.0567824,0,74.72947384
2030,sc01,10-24 23:00:00+01:00,605.91,207.765,114,199.5157419,169.0567824,0,72.03712262
2030,sc01,10-25 01:00:00+01:00,605.91,207.765,84.52593263,46.79856732,165.4368008,0,70.02024887
2030,sc01,10-25 03:00:00+01:00,605.91,207.765,32.4938742,41.35110781,165.4368008,0,77.90931586
2030,sc01,10-25 05:00:00+01:00,605.91,207.765,85.40743411,154.0717327,165.4368008,0,80.66857758
2030,sc01,10-25 07:00:00+01:00,605.91,207.765,462.0324957,200,165.4368008,0,94.84723192
2030,sc01,10-25 09:00:00+01:00,605.91,207.765,517.7660467,200,165.4368008,86.24562023,86.74787476
2030,sc01,10-25 11:00:00+01:00,605.91,207.765,220.159194,200,165.4368008,274.0968745,83.76239182
2030,sc01,10-25 13:00:00+01:00,605.91,207.765,178.9883482,200,165.4368008,371.0255061,77.55245985
2030,sc01,10-25 15:00:00+01:00,605.91,207.765,114,163.2747573,165.4368008,361.4285575,59.03418143
2030,sc01,10-25 17:00:00+01:00,605.91,207.765,294.187695,200,165.4368008,252.3541651,47.20376716
2030,sc01,10-25 19:00:00+01:00,605.91,207.765,638.0564074,200,165.4368008,60.73998303,42.74625313
2030,sc01,10-25 21:00:00+01:00,605.91,207.765,511.9370453,200,165.4368008,0,25.27305306
2030,sc01,10-25 23:00:00+01:00,605.91,207.765,156.0273287,200,165.4368008,0,33.40745856
2030,sc01,10-26 01:00:00+01:00,605.91,207.765,66.712424,125.2638386,161.1014561,0,15.08991166
2030,sc01,10-26 03:00:00+01:00,605.91,207.765,88.07098898,69.90900621,161.1014561,0,0.027258881
2030,sc01,10-26 05:00:00+01:00,605.91,207.765,115.8903128,200,161.1014561,0,11.17086788
2030,sc01,10-26 07:00:00+01:00,605.91,207.765,544.2528086,200,161.1014561,0,19.57928783
2030,sc01,10-26 09:00:00+01:00,605.91,207.765,605.9282857,200,161.1014561,79.70586773,12.22550486
2030,sc01,10-26 11:00:00+01:00,605.91,207.765,307.0609751,200,161.1014561,267.4054891,9.195414918
2030,sc01,10-26 13:00:00+01:00,605.91,207.765,270.6719213,200,161.1014561,354.9264009,6.620953638
2030,sc01,10-26 15:00:00+01:00,605.91,207.765,133.5161658,200,161.1014561,357.2518783,12.11080114
2030,sc01,10-26 17:00:00+01:00,605.91,207.765,330.2794818,200,161.1014561,239.2238118,29.07739311
2030,sc01,10-26 19:00:00+01:00,605.91,207.765,666.9923892,200,161.1014561,48.50735463,29.05508962
2030,sc01,10-26 21:00:00+01:00,605.91,207.765,519.7304493,200,161.1014561,0,21.98169353
2030,sc01,10-26 23:00:00+01:00,605.91,207.765,172.9026912,200,161.1014561,0,20.92705654
2030,sc01,10-27 01:00:00+01:00,605.91,207.765,79.89978539,122.1888955,157.0494153,0,9.220904633
2030,sc01,10-27 03:00:00+01:00,605.91,207.765,94.14564074,61.0365096,157.0494153,0,6.710167642
2030,sc01,10-27 05:00:00+01:00,605.91,207.765,117.0665336,200,157.0494153,0,13.89508124
2030,sc01,10-27 07:00:00+01:00,605.91,207.765,555.7921385,200,157.0494153,0,12.40074666
2030,sc01,10-27 09:00:00+01:00,605.91,207.765,605.062165,200,157.0494153,82.39088398,14.34115126
2030,sc01,10-27 11:00:00+01:00,605.91,207.765,290.7321821,200,157.0494153,271.5270448,24.9735489
2030,sc01,10-27 13:00:00+01:00,605.91,207.765,236.5658605,200,157.0494153,370.2689443,28.92445482
2030,sc01,10-27 15:00:00+01:00,605.91,207.765,114,198.4847356,157.0494153,360.426087,34.0765636
2030,sc01,10-27 17:00:00+01:00,605.91,207.765,344.7587788,200,157.0494153,224.0961332,33.7898043
2030,sc01,10-27 19:00:00+01:00,605.91,207.765,666.9923892,200,157.0494153,39.57355678,40.67839995
2030,sc01,10-27 21:00:00+01:00,605.91,207.765,504.3703541,200,157.0494153,0,40.73575181
2030,sc01,10-27 23:00:00+01:00,605.91,207.765,168.8014595,200,157.0494153,0,28.85435811
2030,sc01,10-28 01:00:00+01:00,605.91,207.765,74.17184093,108.5955397,154.2090268,0,30.77883164
2030,sc01,10-28 03:00:00+01:00,605.91,207.765,109.9470333,22.47901217,154.2090268,0,31.69008897
2030,sc01,10-28 05:00:00+01:00,605.91,207.765,114,190.5845491,154.2090268,0,28.72372331
2030,sc01,10-28 07:00:00+01:00,605.91,207.765,532.0138922,200,154.2090268,0,38.09119381
2030,sc01,10-28 09:00:00+01:00,605.91,207.765,588.1734145,200,154.2090268,81.57286986,34.19445353
2030,sc01,10-28 11:00:00+01:00,605.91,207.765,279.6896019,200,154.2090268,267.1860432,42.83228092
2030,sc01,10-28 13:00:00+01:00,605.91,207.765,218.3882989,200,154.2090268,364.2738622,55.59944224
2030,sc01,10-28 15:00:00+01:00,605.91,207.765,114,176.5299221,154.2090268,354.8167602,63.62233025
2030,sc01,10-28 17:00:00+01:00,605.91,207.765,271.4245533,200,154.2090268,243.4232545,89.16939775
2030,sc01,10-28 19:00:00+01:00,605.91,207.765,611.8417464,200,154.2090268,57.21779217,82.59623733
2030,sc01,10-28 21:00:00+01:00,605.91,207.765,454.9816186,200,154.2090268,0,91.30416144
2030,sc01,10-28 23:00:00+01:00,605.91,207.765,114,199.3817668,154.2090268,0,86.43243953
2030,sc01,10-29 01:00:00+01:00,605.91,207.765,74.38291189,65.68989824,152.0339542,0,74.56060447
2030,sc01,10-29 03:00:00+01:00,605.91,207.765,36.12783135,47.14203552,152.0339542,0,81.80286993
2030,sc01,10-29 05:00:00+01:00,605.91,207.765,98.49022342,160.4025742,152.0339542,0,74.83780513
2030,sc01,10-29 07:00:00+01:00,605.91,207.765,485.9419075,200,152.0339542,0,84.71506994
2030,sc01,10-29 09:00:00+01:00,605.91,207.765,561.3566005,200,152.0339542,77.48329491,66.32742632
2030,sc01,10-29 11:00:00+01:00,605.91,207.765,304.902789,200,152.0339542,236.6563211,50.48875425
2030,sc01,10-29 13:00:00+01:00,605.91,207.765,259.5887827,200,152.0339542,347.1949363,33.89813559
2030,sc01,10-29 15:00:00+01:00,605.91,207.765,132.2613496,200,152.0339542,337.2307453,41.92739602
2030,sc01,10-29 17:00:00+01:00,605.91,207.765,320.6516757,200,152.0339542,228.9515471,57.40602584
2030,sc01,10-29 19:00:00+01:00,605.91,207.765,594.2817489,200,152.0339542,49.76416009,109.1660797
2030,sc01,10-29 21:00:00+01:00,605.91,207.765,452.0794611,200,152.0339542,0,96.2555387
2030,sc01,10-29 23:00:00+01:00,605.91,207.765,114,183.3202829,152.0339542,0,103.9948536
2030,sc01,10-30 01:00:00+01:00,605.91,207.765,114,20.149354,150.5061497,0,81.88889772
2030,sc01,10-30 03:00:00+01:00,605.91,207.765,45.75097811,28.51258184,150.5061497,0,92.11345991
2030,sc01,10-30 05:00:00+01:00,605.91,207.765,112.8326471,106.1207853,150.5061497,0,115.2581217
2030,sc01,10-30 07:00:00+01:00,605.91,207.765,488.0254581,200,150.5061497,0,84.18934455
2030,sc01,10-30 09:00:00+01:00,605.91,207.765,580.1290048,200,150.5061497,76.64114403,50.48238184
2030,sc01,10-30 11:00:00+01:00,605.91,207.765,288.2785904,200,150.5061497,269.1672259,36.03289928
2030,sc01,10-30 13:00:00+01:00,605.91,207.765,244.3164772,200,150.5061497,367.3429178,30.47614127
2030,sc01,10-30 15:00:00+01:00,605.91,207.765,122.5039656,200,150.5061497,346.2182407,44.33936036
2030,sc01,10-30 17:00:00+01:00,605.91,207.765,317.8066478,200,150.5061497,213.3602815,77.09045874
2030,sc01,10-30 19:00:00+01:00,605.91,207.765,605.1254575,200,150.5061497,41.37644929,108.6084921
2030,sc01,10-30 21:00:00+01:00,605.91,207.765,439.3119665,200,150.5061497,0,110.1792959
2030,sc01,10-30 23:00:00+01:00,605.91,207.765,114,173.4010899,150.5061497,0,115.0382729
2030,sc01,10-31 01:00:00+01:00,605.91,207.765,75.7289998,30.7700073,149.3546595,0,110.0104265
2030,sc01,10-31 03:00:00+01:00,605.91,207.765,0,15.31940352,149.3546595,0,151.1826897
2030,sc01,10-31 05:00:00+01:00,605.91,207.765,114,57.82517067,149.3546595,0,162.4841924
2030,sc01,10-31 07:00:00+01:00,605.91,207.765,440.1243218,200,149.3546595,0,131.8901612
2030,sc01,10-31 09:00:00+01:00,605.91,207.765,538.5452358,200,149.3546595,77.65559639,90.87083627
2030,sc01,10-31 11:00:00+01:00,605.91,207.765,270.8040852,200,149.3546595,248.5457843,74.7007979
2030,sc01,10-31 13:00:00+01:00,605.91,207.765,276.9062512,200,149.3546595,315.3779681,50.97624507
2030,sc01,10-31 15:00:00+01:00,605.91,207.765,157.2863527,200,149.3546595,308.6965023,47.8760584
2030,sc01,10-31 17:00:00+01:00,605.91,207.765,344.6147721,200,149.3546595,183.8819549,81.21342025
2030,sc01,10-31 19:00:00+01:00,605.91,207.765,576.1148455,200,149.3546595,38.86532476,140.3368157
2030,sc01,10-31 21:00:00+01:00,605.91,207.765,404.7613013,200,149.3546595,0,144.9855026
2030,sc01,10-31 23:00:00+01:00,605.91,207.765,114,146.3524783,149.3546595,0,142.436531
