Timestep,a_0,b
0,0,1810668703.8406369686
0,0,1810668703.8406369686
0,0,1810668703.8406369686
0,-261.91616837024599818,2012279573.4102702141
0,-260.10376171270536361,2173946040.3246808052
0,-260.10515686571420702,2173946539.1145896912
1,0,1799144978.9963612556
1,0,1799144978.9963612556
1,0,1799144978.9963612556
1,-261.91616837024599818,1995893627.2464289665
1,-260.10376171270536361,2157564018.4637203217
1,-260.10807733859377322,2157565508.6741051674
2,0,1788175138.2358210087
2,-261.91796067834752648,1793610719.5652616024
2,-175.04287179105298833,1794200069.4923186302
2,-261.91616837024599818,1980242518.4721667767
2,-260.10376171270536361,2141916753.3070409298
2,-260.10807733859377322,2141918209.4620044231
3,0,1776820999.5723991394
3,-2694.2575774604779326,1782101140.586486578
3,-6475.4855861585974708,1844621781.2848608494
3,-261.91616837024599818,1963966096.7230525017
3,-260.10376171270536361,2125645716.8919715881
3,-260.10807733859377322,2125647133.3768517971
4,0,1766419664.1967568398
4,-9991.2758775965885434,1787871765.9306697845
4,-6475.4855861585974708,1845260637.3681004047
4,-261.91616837024599818,1949060372.2196056843
4,-260.10376171270536361,2110743625.9451079369
4,-260.10807733859377322,2110745012.7862625122
5,0,1756560520.2251410484
5,-9991.2758775965885434,1794891591.0110085011
5,-6475.4855861585974708,1844618577.9196712971
5,-261.91616837024599818,1934877219.3139686584
5,-260.10376171270536361,2096563440.6750233173
5,-260.10807733859377322,2096564801.9444901943
6,0,1746799812.0403659344
6,-9991.2758775965885434,1798885205.8526358604
6,-6475.4855861585974708,1842053039.6648111343
6,-261.91616837024599818,1920719480.4065430164
6,-260.10376171270536361,2082409395.3055043221
6,-260.10807733859377322,2082410729.9435353279
7,0,1737009344.7657175064
7,-9991.2758775965885434,1799813511.5463905334
7,-6475.4855861585974708,1837477859.3981692791
7,-261.91616837024599818,1906417814.1431584358
7,-260.10376171270536361,2068112232.7600722313
7,-260.10807733859377322,2068113538.6910054684
8,0,1727668237.0132670403
8,-9991.2758775965885434,1799009552.6680817604
8,-6475.4855861585974708,1832007454.6584470272
8,-261.91616837024599818,1892700251.4367451668
8,-260.10376171270536361,2054399451.2352702618
8,-260.10807733859377322,2054400731.5988266468
9,0,1718145963.4816973209
9,-9991.2758775965885434,1796047925.7249202728
9,-6475.4855861585974708,1825060205.8372292519
9,-261.91616837024599818,1878709087.0756876469
9,-260.10376171270536361,2040413975.7017531395
9,-260.10807733859377322,2040415228.9814198017
10,0,1708688129.7372689247
10,-9991.2758775965885434,1791837724.541852951
10,-6475.4855861585974708,1817326441.3359284401
10,-261.91616837024599818,1864748017.8900842667
10,-260.10376171270536361,2026458981.627187252
10,-260.10807733859377322,2026460207.2702317238
11,0,1699391737.9578957558
11,-9991.2758775965885434,1786155092.6630129814
11,-6475.4855861585974708,1808709117.7312259674
11,-261.91616837024599818,1850944121.5220093727
11,-260.10376171270536361,2012661382.1818523407
11,-260.10807733859377322,2012662579.9438316822
12,0,1689076138.6985456944
12,-9991.2758775965885434,1777457961.8563175201
12,-6475.4855861585974708,1797647445.2956712246
12,-261.91616837024599818,1835703521.6972272396
12,-260.10376171270536361,1997430214.9200613499
12,-260.10807733859377322,1997431374.7579660416
13,0,1674643993.5339183807
13,-9991.2758775965885434,1761462378.3672258854
13,-6475.4855861585974708,1779819987.7539031506
13,-261.91616837024599818,1814638540.491394043
13,-260.10376171270536361,1976388221.2417445183
13,-260.10807733859377322,1976389300.5738017559
14,0,1660383289.4490551949
14,-9991.2758775965885434,1744604707.7895066738
14,-6475.4855861585974708,1761513757.4936618805
14,-261.91616837024599818,1793772230.3554768562
14,-260.10376171270536361,1955544644.7530786991
14,-260.10807733859377322,1955545644.5562634468
15,0,1645612814.20702672
15,-9991.2758775965885434,1726360173.5115361214
15,-6475.4855861585974708,1742060103.8246569633
15,-261.91616837024599818,1772181667.7650010586
15,-260.10376171270536361,1933978651.2959904671
15,-260.10807733859371638,1933979566.0791535378
16,0,1630055739.5585389137
16,-9991.2758775965885434,1706654550.0201518536
16,-6475.4855861585974708,1721293932.4598572254
16,-261.91616837024599818,1749541163.0792176723
16,-260.10376171270536361,1911364528.24386549
16,-260.10807733859360269,1911365351.3820991516
17,0,1613067000.1121320724
17,-9991.2758775965903624,1684611323.902718544
17,-6475.4855861585974708,1698398098.7355251312
17,-261.91616837024599818,1725138495.847274065
17,-260.10376171270536361,1886989785.9725368023
17,-260.10813686038017067,1886990516.9267420769
18,0,1595075511.8734557629
18,-9990.6942694363624469,1661055514.341083765
18,-6475.4855861585974708,1674091201.8903782368
18,-261.91616837024599818,1699503950.3862495422
18,-260.10376171270536361,1861384694.2163720131
18,-260.1248139675768698,1861387622.6804904938
19,0,1576149074.3501121998
19,-9989.3648793558422767,1636244337.0400469303
19,-6475.4855861585983803,1648583613.076864481
19,-261.91616837024599818,1672764734.829875946
19,-260.10376171270536361,1834676349.7540345192
19,-260.16839068902135068,1834683567.8399934769
20,0,1556952150.7137589455
20,-9986.9106207456570701,1611561264.5500326157
20,-6475.4855861586001993,1623037435.1696436405
20,-261.91591218735771918,1645690989.0297589302
20,-260.10376171270536361,1807633848.0237658024
20,-260.21713642655987542,1807643405.6232972145
21,0,1535507434.0322036743
21,-9947.6424829826264613,1580202984.9024422169
21,-6475.4855861586011088,1592352685.5865292549
21,-261.91276165561350808,1616170780.6628103256
21,-260.10376171270536361,1778145606.3409683704
21,-260.24270049680916372,1778153388.025192976
22,0,1511536567.3878471851
22,-9163.1335905070282024,1539507299.3917570114
22,-6475.4855861586029278,1554934257.7438707352
22,-261.89579579437599932,1583975897.2686092854
22,-260.10376171270536361,1745982080.9074571133
22,-260.54283136637656071,1745993646.8911738396
23,0,1487526889.0541908741
23,-8174.1096520153332676,1504659119.5966048241
23,-7363.1382176198058005,1524318554.9073853493
23,-261.80580027691377154,1551926857.993180275
23,-260.10376171270536361,1713961842.5516860485
23,-8174.1096520153332676,1719207169.7110641003
24,0,1463754369.2617621422
24,-8486.5656989251201594,1476725313.949434042
24,-8820.5727447234185092,1503036350.435274601
24,-261.43939827900982209,1520493083.7584667206
24,-260.10376171270536361,1682551442.7619581223
24,-7565.3769118765685562,1684414700.489802599
25,0,1440210454.6964251995
25,-7631.4284404701920721,1461650437.7790389061
25,-6956.2959192649750548,1493773524.4199430943
25,-260.71200604979469517,1490097453.544154644
25,-260.10376171270536361,1652170608.0133206844
25,-6956.1660298846099977,1655858836.8220427036
26,0,1416421859.7325325012
26,-5663.148188592279439,1449089772.4752316475
26,-261.00080443292108612,1460266542.7983958721
26,-257.32046296890200665,1460224800.3268642426
26,-260.10376171270536361,1622343895.7527210712
26,-260.82954590047052079,1622350045.8702316284
27,0,1393208254.7844986916
27,-1479.0720899843024654,1432032610.6331758499
27,-260.57865474488374957,1431921095.3168170452
27,-212.10028774176456068,1431069716.3268084526
27,-260.10376171270536361,1594000998.8349630833
27,-260.30665802523481034,1594002186.6046602726
28,0,1371568707.172495842
28,-261.91814408177418727,1406283951.6503255367
28,-255.80204889865342466,1406210233.0151810646
28,-212.1002877417645891,1406063269.640679121
28,-260.10376171270536361,1568347025.0947179794
28,-260.11528677895540795,1568347234.1766331196
29,0,1350427347.1129541397
29,-261.91814408177418727,1382725512.2972040176
29,-194.30798226993132971,1381021315.6916809082
29,-201.158448689216101,1382696144.8586544991
29,-260.10376171270536361,1544752524.7123653889
29,-260.10447952850921638,1544752616.2467031479
30,0,1331873020.0930166245
30,-261.91814408177418727,1363997185.9956088066
30,-164.67935515114533018,1360719022.7240772247
30,-201.158448689216101,1363780835.790692091
30,-260.10376171270536361,1525973156.4825639725
30,-260.10447952850921638,1525973261.2627315521
31,0,1314392851.1423432827
31,-261.91814408177418727,1348599142.7674558163
31,-164.67935515114533018,1344164207.9966933727
31,-201.158448689216101,1347639525.8987009525
31,-260.10376171270536361,1510509394.801874876
31,-260.10447952850921638,1510509519.4239244461
32,0,1296790221.4576113224
32,-261.91814408177418727,1336443740.487752676
32,-164.67935515114533018,1329618008.8155214787
32,-201.158448689216101,1333969455.0229868889
32,-260.10376171270536361,1498264572.8641138077
32,-260.10447952850921638,1498264726.6679456234
33,0,1279056021.4948194027
33,-261.91814408177418727,1325739576.9258828163
33,-164.67935515114533018,1315948759.5273883343
33,-201.15844868921604416,1321391500.5606160164
33,-260.10376171270536361,1487459724.8884861469
33,-260.10447952850921638,1487459912.3085756302
34,0,1260342552.3346934319
34,-261.91814408177418727,1314573056.8363399506
34,-164.67935515114533018,1301673226.4927887917
34,-203.590388258420802,1308616598.1171426773
34,-260.10376171270536361,1476188095.4323894978
34,-260.10447952850921638,1476188317.7701051235
35,0,1239228600.7422869205
35,-261.91814408177418727,1300566763.8100075722
35,-164.67935515114533018,1284873508.5619997978
35,-216.560732627512607,1295184202.8439381123
35,-260.10376171270536361,1462077051.526119709
35,-260.10447952850921638,1462077307.3529849052
36,0,1218034200.413410902
36,-261.91814408177418727,1287223040.6679265499
36,-175.65797882788834272,1270993892.7873859406
36,-225.9998296581950683,1282084654.5670959949
36,-260.10376171270536361,1448623579.9453687668
36,-260.10447952850921638,1448623871.3560137749
37,0,1196588263.285592556
37,-261.91814408177418727,1271893505.731208086
37,-192.08654375342078424,1258224105.6070187092
37,-237.30425829311991492,1268022200.0012197495
37,-260.10376171270536361,1433196355.0504596233
37,-260.10447952850921638,1433196677.2714412212
38,0,1175389011.029103756
38,-261.91814408177418727,1254205126.0178594589
38,-192.08654375342078424,1239453256.039085865
38,-247.7391154945889582,1252115061.1971120834
38,-260.10376171270536361,1415428787.0775980949
38,-260.10447952850921638,1415429132.907255888
39,0,1153561014.3244271278
39,-261.91814408177418727,1233829307.0916032791
39,-192.08654375342078424,1218570731.6762506962
39,-247.73911549458887293,1231584565.572031498
39,-260.10376171270536361,1394987217.5802993774
39,-260.10447952850921638,1394987580.7197296619
40,0,1131834716.7099680901
40,-261.91814408177418727,1211631024.5311465263
40,-192.08654375342078424,1196381437.4926006794
40,-251.44928694400007885,1210130041.0062603951
40,-260.10376171270536361,1372736386.2429201603
40,-260.10447952850921638,1372736761.4306797981
41,0,1110451705.6513876915
41,-261.91814408177418727,1188671638.8176820278
41,-192.08654375342078424,1173723422.9077808857
41,-255.406803156705422,1187991781.3828547001
41,-260.10376171270536361,1349732090.4003064632
41,-260.10447952850921638,1349732474.6076247692
42,0,1089585358.170342207
42,-261.91814408177418727,1165270286.8794646263
42,-192.08654375342078424,1150872283.6378757954
42,-601.20645437578184556,1239137499.2357490063
42,-260.10376171270536361,1326292592.5498113632
42,-260.10447952850921638,1326292982.9599161148
43,0,1069540509.016728878
43,-261.91814408177418727,1141877016.6321172714
43,-192.08654375342078424,1128211716.4067430496
43,-756.14449137552776392,1256103805.1863338947
43,-260.10376171270536361,1302868738.4300396442
43,-260.10447952850921638,1302869131.0844590664
44,0,1049671658.1520459652
44,-261.91814408177418727,1117898376.4091329575
44,-192.08654375342078424,1105162611.7012324333
44,-756.14449137552776392,1239790737.4779920578
44,-260.10376171270536361,1278866869.9666259289
44,-260.10447952850921638,1278867260.4698150158
45,0,1030106729.5643888712
45,-261.91814408177418727,1093454454.4360132217
45,-192.08654375342078424,1081865117.776695013
45,-756.14449137552776392,1221649860.3334112167
45,-260.10376171270536361,1254407607.1963887215
45,-260.10447952850921638,1254407991.277215004
46,0,1010348110.9820996523
46,-261.91814408177418727,1068063977.4325150251
46,-192.08654375342078424,1057832003.785051465
46,-756.14449137552776392,1201205116.6751489639
46,-260.10376171270536361,1229011372.2561018467
46,-260.10447952850921638,1229011745.6448686123
47,0,989982323.71878433228
47,-261.91814408177418727,1041500939.4218831062
47,-192.08654375342078424,1032794797.4774069786
47,-756.14449137552776392,1178592108.506572485
47,-260.10376171270536361,1202451025.1473834515
47,-260.10447952850921638,1202451384.4342782497
48,0,970464378.43764197826
48,-261.91814408177418727,1015602371.8301206827
48,-192.08654375342078424,1008441823.6574872732
48,-756.14449137552776392,1156087774.4547009468
48,-260.10376171270536361,1176560098.4223036766
48,-260.10447952850921638,1176560442.5110538006
49,0,950448436.9894837141
49,-261.91814408177418727,988866897.99893021584
49,-192.08654375342078424,983356130.54944777489
49,-756.14449137552776392,1132142481.4165673256
49,-260.10376171270536361,1149837582.0155861378
49,-260.10447952850921638,1149837909.4870493412
50,0,930549129.28623616695
50,-261.91814408177418727,962039446.46741914749
50,-192.08654375342078424,958234041.43081820011
50,-756.14449137552776392,1107732699.6245172024
50,-260.10376171270536361,1123026701.4223330021
50,-260.10447952850921638,1123027011.569901228
51,0,911046543.03280484676
51,-261.91814408177418727,935530905.95408535004
51,-192.08654375342078424,933441212.17282319069
51,-756.14449137552776392,1083387698.945445776
51,-260.10376171270536361,1096536937.4007034302
51,-260.10447952850921638,1096537230.1240813732
52,0,898474517.56738996506
52,-261.9178115734689527,917974272.72376036644
52,-192.08654375342078424,916649302.56464970112
52,-756.14449137552776392,1067781094.7335175276
52,-260.10376171270536361,1078984875.3691864014
52,-260.10447952850915954,1078985160.5184783936
53,0,887019012.78926825523
53,-261.91747906516371813,901706052.22986197472
53,-192.08654375342078424,901042964.7914712429
53,-756.14449137552776392,1053212279.9502938986
53,-260.10376171270536361,1062720238.5128229856
53,-260.1054024345425546,1062720871.0844628811
54,0,876043779.19102871418
54,-261.91601602862056097,886057025.4008834362
54,-192.08654375342078424,885981618.78498363495
54,-756.14449137552776392,1039091052.1855441332
54,-260.10376171270536361,1047074943.8021837473
54,-260.1054024345425546,1047075563.1566810608
55,0,864736187.82174110413
55,-261.90777261656364772,869849154.39027953148
55,-3319.8284467385242351,961426078.44585430622
55,-756.14449137552776392,1024264330.9815391302
55,-260.10376171270536361,1030872283.3648961782
55,-260.1054024345425546,1030872887.4595564604
56,0,854055081.78163123131
56,-9990.8037307170761778,872348461.93973040581
56,-3319.8284467385242351,953884130.8324868679
56,-756.14449137552776392,1010206054.796744585
56,-260.10376171270536361,1015562031.1556221247
56,-260.1054024345425546,1015562622.524820447
57,0,844283118.23082053661
57,-9990.8037307170761778,879961342.28553152084
57,-3319.8284467385242351,946654133.35027074814
57,-756.14449137552776392,997271876.72334992886
57,-260.10376171270536361,1001530835.906930685
57,-260.1054024345425546,1001531417.8461740017
58,0,834454580.45441460609
58,-9990.8037307170761778,884326505.8973647356
58,-3319.8284467385242351,938261139.8990521431
58,-756.14449137552776392,983975869.6691429615
58,-260.10376171270536361,987293366.47845065594
58,-260.1054024345425546,987293937.8861553669
59,0,824589853.28378117085
59,-9990.8037307170761778,885537786.51696872711
59,-3319.8284467385242351,928772933.78201067448
59,-756.14449137552776392,970375805.64382338524
59,-260.10376171270536361,972905123.97181963921
59,-260.1054024345425546,972905684.08072650433
60,0,815229615.62955164909
60,-9990.8037307170761778,885003679.17980313301
60,-3319.8284467385242351,919186419.19554197788
60,-756.14449137552776392,957310412.74728381634
60,-260.10376171270536361,959173672.00140273571
60,-260.1054024345425546,959174222.27610015869
61,0,805802109.72146570683
61,-9990.8037307170761778,882415461.26938474178
61,-3319.8284467385242351,908869970.17487859726
61,-756.14449137552776392,944023971.8952524662
61,-260.10376171270536361,945320181.42077231407
61,-260.1054024345425546,945320721.54378437996
62,0,796256364.13878619671
62,-9990.8037307170761778,878261732.85366630554
62,-3319.8284467385242351,897911152.57367217541
62,-756.14449137552776392,930449929.80032777786
62,-260.10376171270536361,931248176.98331212997
62,-260.1054024345425546,931248706.17143464088
63,0,787002962.72999346256
63,-9990.8037307170761778,872901556.07813167572
63,-3319.8284467385242351,886813063.17510604858
63,-756.14449137552776392,917146736.36483478546
63,-260.10376171270536361,917525975.21731245518
63,-260.1054024345425546,917526493.98444676399
64,0,777443965.00261688232
64,-9990.8037307170761778,865469399.17326235771
64,-3319.8284467385242351,874744397.23848628998
64,-756.14449137552776392,903296240.4397059679
64,-260.10376171270536361,903339103.72964668274
64,-260.1054024345425546,903339610.6940279007
65,0,762909243.66305041313
65,-9990.8037307170761778,849543243.03619766235
65,-3319.8284467385242351,855210398.88268232346
65,-756.14449137552776392,882375733.09294879436
65,-260.10376171270536361,882174482.70557892323
65,-260.1054024345425546,882174958.60667002201
66,0,748605261.79988670349
66,-9990.8037307170761778,832762831.68369197845
66,-3319.8284467385242351,835594562.67996633053
66,-756.14449137552776392,861670231.15386271477
66,-260.10376171270536361,861281692.98097920418
66,-260.1054024345425546,861282138.38727128506
67,0,733888406.32049119473
67,-9990.8037307170761778,814670409.59757256508
67,-3319.8284467385242351,815163243.45136535168
67,-756.14449137552776392,840340063.88248348236
67,-260.10376171270536361,839802496.46141505241
67,-260.1054024345425546,839802909.69456171989
68,0,718498985.25134241581
68,-9990.8037307170761778,795214907.19370007515
68,-3319.8284467385242351,793658215.70005595684
68,-756.14449137552776392,818047394.89047670364
68,-260.10376171270536361,817384175.01596593857
68,-260.1054024345425546,817384553.49446487427
69,0,701772239.37104249001
69,-9990.8037307170761778,773599194.84138393402
69,-3319.8284467385242351,770371263.55458390713
69,-756.14449137552776392,794118178.23930811882
69,-260.10376171270536361,793358585.80842256546
69,-260.1054024345425546,793358926.19797956944
70,0,683976702.43756687641
70,-9990.8037307170779968,750288632.90397202969
70,-3319.8284467385242351,745616428.5937769413
70,-756.14449137552776392,768808303.06029891968
70,-260.10376171270536361,767970987.20724201202
70,-260.11788698811449194,767973518.83918917179
71,0,665150176.90013337135
71,-9988.6815147287125001,725641741.03035235405
71,-3319.8284467385242351,719620775.38319396973
71,-756.14449137552776392,742294115.39531099796
71,-260.10376171270536361,741387531.69950270653
71,-260.1482780341963803,741394287.32412075996
72,0,645887631.48492479324
72,-9984.9086863049487874,700692764.52708423138
72,-3319.8284467385242351,693162469.1993676424
72,-756.14449137552776392,715255182.128480196
72,-260.10376171270536361,714268029.38015842438
72,-260.19151080602819093,714278919.05792355537
73,0,625131384.10828018188
73,-9951.7077961758350284,671345508.72847044468
73,-3319.8284467385242351,664214757.29146277905
73,-756.14449137552787761,686456413.20999932289
73,-260.10376171270536361,685529758.44461524487
73,-260.21123401231943717,685540114.71626269817
74,0,601213000.84502184391
74,-9227.3247388133586355,630720365.99435079098
74,-3319.8284467385255994,629488538.00995826721
74,-756.14449137552810498,653893892.93315279484
74,-260.10376171270536361,653415946.36950826645
74,-260.46010833141036755,653439588.91523146629
75,0,577184184.70111894608
75,-7375.2776769319525556,594484723.28215992451
75,-3523.6890357671472884,597237204.82470631599
75,-756.14449137552821867,621656094.50915455818
75,-260.10376171270536361,621321220.09797990322
75,-260.6644170114156509,621343483.4122095108
76,0,553333298.13854897022
76,-6956.7702545841275423,563233866.58229470253
76,-8440.2107315218745498,573465634.9471886158
76,-756.14449137552833236,590592107.64508497715
76,-260.10376171270536361,589785806.81277418137
76,-261.13272991068220108,589803241.98084843159
77,0,529903590.35324841738
77,-8173.5306735471967841,540842240.46374034882
77,-8173.6006877497547976,562546819.52691960335
77,-260.83807839484870783,558829188.27503287792
77,-260.10376171270536361,559374268.66013789177
77,-1516.3274718780889998,562554464.54158449173
78,0,506037976.74690902233
78,-6347.2838073839157005,513709937.47695636749
78,-260.91139356869575749,528826764.53886562586
78,-259.76593104933965606,528822423.46795332432
78,-260.10376171270536361,529380021.53343206644
78,-869.5032354240352106,529621567.13512802124
79,0,482527388.53623682261
79,-2086.4128460928354798,488707148.34338140488
79,-260.03756613611358262,499992974.26486563683
79,-257.02230014491948396,499983480.38625872135
79,-260.06431659586183969,500551984.4993725419
79,-260.2895846803375548,500553748.9426215291
80,0,460850352.89834469557
80,-1477.44061792588559,471060969.30057090521
80,-244.75925058713943372,474124142.18853992224
80,-1477.44061792588559,474284791.38247007132
80,-259.98391989204998254,474685083.12601011992
80,-249.13466021358340186,474674680.81012237072
81,0,439617105.70442956686
81,-257.028294400779032,447133235.50774198771
81,-212.11448058370615399,450200250.46644604206
81,-202.65015618888978111,450282879.9869761467
81,-213.47652120245126639,450718357.26667654514
81,-198.36764992119222484,450672447.66286486387
82,0,420623417.18158042431
82,-244.2964801812462099,427364324.03581184149
82,-151.06119422754125026,429919803.31596022844
82,-120.46573042874901205,429738336.49591273069
82,-159.73417673378497739,430489057.25036793947
82,-159.08911061179750845,430496415.66479295492
83,0,403188404.50636577606
83,-261.05251394932071207,411522750.14329785109
83,-126.03633674201093129,412713056.27437740564
83,-111.04221142292857394,412351192.28008723259
83,-126.47357900050309354,413279167.72771692276
83,-125.62830517513418727,413276314.84418910742
84,0,385580643.68422269821
84,-261.71274907128287168,398828597.04508495331
84,-126.03633674201093129,396977452.26212751865
84,-106.43756675830367442,396068987.38053888083
84,-126.47357900050305091,397553223.80263328552
84,-123.09248369902744003,397414186.75404089689
85,0,367855347.03376060724
85,-261.91814408177418727,387789511.98824679852
85,-126.03633674201093129,382000654.69473952055
85,-95.115937794162462637,379556600.37134987116
85,-131.69451296758035141,382974367.12381589413
85,-123.91725418706462847,382379072.17423820496
86,0,349630196.35845315456
86,-261.91814408177418727,377441417.80278128386
86,-116.84834965994035372,366130183.78291368484
86,-108.70392890761425519,365445256.28603130579
86,-145.33401974303214388,369634689.19706320763
86,-120.64899411801482643,366920493.03620177507
87,0,328507026.12876081467
87,-261.91814408177418727,363150398.54558807611
87,-116.84834965994031108,347869640.42373359203
87,-124.80111637399137692,349183319.30137830973
87,-157.65376176445658984,353567066.65975928307
87,-145.15314711314223928,352020964.6649171114
88,0,307275829.82017594576
88,-261.91814408177418727,350052517.15205407143
88,-114.51542548695924495,329337925.54624050856
88,-177.84890396329123519,339443871.52509218454
88,-188.25279797060400711,340983208.05644851923
88,-173.52345275887503817,338848785.54221320152
89,0,285856166.33447170258
89,-261.91814408177418727,334938073.63905626535
89,-130.87477198509631648,313429768.08711671829
89,-193.50694795602288423,324598146.92080920935
89,-186.48093786425590679,323446540.85979920626
89,-172.70471709771965152,321106136.01957154274
90,0,264637012.76257479191
90,-261.91814408177418727,317585627.63821583986
90,-132.24058086279868007,294203332.5132843852
90,-192.72344618788429216,305800831.1723074913
90,-155.31095936037013416,298784278.17555814981
90,-133.43924041486221199,294494094.64835268259
91,0,242948880.30337420106
91,-261.91814408177418727,297655754.99481773376
91,-132.24058086279868007,273224648.59955871105
91,-187.13329595901481639,284201156.47715950012
91,-130.56025311697985103,272898924.90337556601
91,-106.26313410523242453,267682617.48298680782
92,0,221194764.41695913672
92,-261.91814408177418727,275665852.14301347733
92,-132.24058086279868007,251189808.68756940961
92,-180.25316749376835901,260833605.62233453989
92,-68.266685891775168216,237224025.44538474083
92,-36.470907596856612543,229965283.74004006386
93,0,199750686.43412858248
93,-261.91814408177418727,252791042.74807792902
93,-132.24058086279868007,228859634.60748001933
93,-187.11210844104977014,239518696.31241500378
93,-59.536501600806452927,213332120.08184790611
93,-31.761334838408174619,207147620.54338216782
94,0,178783172.29912492633
94,-261.91814408177418727,229415295.92924630642
94,-132.24058086279868007,206501527.65147596598
94,-190.00784033604946899,217192606.5029078722
94,-64.54111421186762243,192733984.37376177311
94,-34.463557180981425176,186382802.793435812
95,0,158588381.88982024789
95,-261.91814408177418727,205945298.25237220526
95,-132.24058086279870849,184424243.43492001295
95,-170.09450715880390703,191110591.5204282105
95,-64.757975104310617098,171605577.6164098084
95,-32.518148482021373979,165245816.27666631341
96,0,138759055.92572316527
96,-261.91814408177418727,182148897.86048877239
96,-132.24058086279876534,162323446.07020696998
96,-169.06310029636219383,168326286.31102073193
96,-61.016984253250086567,149932170.58983212709
96,-30.743636349441629818,144475729.30460089445
97,0,119135469.62531542778
97,-261.91814408177418727,157741099.34790983796
97,-134.5457531344800941,140383645.15493923426
97,-180.56888268365617023,146982555.74942445755
97,-61.161593865446192808,129044671.33292366564
97,-30.906475766160184548,124208512.16289898753
98,0,99351708.68453592062
98,-261.91814408177418727,132430437.42621915042
98,-136.43554046209436592,117771839.22157140076
98,-195.27999675751007658,124902602.63440543413
98,-61.329831513731640769,107849053.35628132522
98,-35.597755171948080033,104319744.89922071993
99,0,78991448.166424632072
99,-261.91814408177418727,105918434.3351302743
99,-136.4355404620943375,94012826.6592143327
99,-204.61896598047377438,100693140.67134734988
99,-70.091236015693297645,86893141.033762216568
99,-36.149892336049511243,83099516.937635540962
100,0,59568714.606225825846
100,-261.91814408177418727,80180959.674271598458
100,-139.60630671584382867,71289469.83900988102
100,-185.04634111786805306,74719061.293021023273
100,-80.104269732220913625,66441075.875510305166
100,-41.818973791235031001,63189468.421365633607
101,0,39574506.032947234809
101,-261.91814408177418727,53496433.910347871482
101,-141.99952155151015631,47633729.525326766074
101,-140.01020665685348376,47547221.42551830411
101,-83.429350381090500832,44415232.240702725947
101,-41.923272391924818692,42031472.07813334465
102,0,19608494.245717838407
102,-261.91814408177418727,26611219.456828918308
102,-156.79295999121154637,24092874.849332746118
102,-131.77625469006900971,23416471.34273551777
102,-74.033453375260336315,21792766.649528201669
102,-30.507636928794948261,20520847.958807088435
103,0,0
