Region,Sector,Emission,Technology,Type,PathwayScenario,Year,Value
Dakar,Power,CO2,P_Gas_CCGT,Emissions,ID_ID,2025,0.6403278687371995
Dakar,Power,CO2,P_Gas_CCGT,Emissions,ID_ID,2030,1.1692188001404022
Dakar,Power,CO2,P_Gas_CCGT,Emissions,ID_ID,2035,1.2590108247900789
Dakar,Power,CO2,P_Gas_CCGT,Emissions,ID_ID,2040,1.4393493371811543
Dakar,Power,CO2,P_Gas_CCGT,Emissions,ID_ID,2045,1.785600000000001
Dakar,Power,CO2,P_Gas_CCGT,Emissions,ID_ID,2050,2.1077901551738893
Dakar,Power,CO2,P_Oil,Emissions,ID_ID,2022,2.494320651559577
Dakar,Power,CO2,P_Oil,Emissions,ID_ID,2025,1.548695739200012
Dakar,Power,CO2,P_Oil,Emissions,ID_ID,2030,1.4457422128200106
Dakar,Power,CO2,P_Coal_Hardcoal,Emissions,ID_ID,2022,0.2558960752575501
Dakar,Power,CO2,P_Coal_Hardcoal,Emissions,ID_ID,2025,0.11134987559460073
Dakar,Power,CO2,P_Gas_OCGT,Emissions,ID_ID,2025,0.3985714285793978
Dakar,Power,CO2,P_Gas_OCGT,Emissions,ID_ID,2030,0.7609090910003946
Dakar,Power,CO2,P_Gas_OCGT,Emissions,ID_ID,2035,1.2309786761500803
Dakar,Power,CO2,P_Gas_OCGT,Emissions,ID_ID,2040,1.238375736370158
Dakar,Power,CO2,P_Gas_OCGT,Emissions,ID_ID,2045,1.363999999863602
Dakar,Power,CO2,P_Gas_OCGT,Emissions,ID_ID,2050,1.4840649543120983
Thies,Power,CO2,P_Gas_CCGT,Emissions,ID_ID,2025,0.27442622945879996
Thies,Power,CO2,P_Gas_CCGT,Emissions,ID_ID,2030,0.4009826412980591
Thies,Power,CO2,P_Gas_CCGT,Emissions,ID_ID,2035,0.3487846530088558
Thies,Power,CO2,P_Gas_CCGT,Emissions,ID_ID,2040,0.44195735127757885
Thies,Power,CO2,P_Gas_CCGT,Emissions,ID_ID,2045,0.5326524345128543
Thies,Power,CO2,P_Gas_CCGT,Emissions,ID_ID,2050,0.598718765759697
Thies,Power,CO2,P_Oil,Emissions,ID_ID,2022,0.4230288404650718
Thies,Power,CO2,P_Oil,Emissions,ID_ID,2025,0.06123696385514494
Thies,Power,CO2,P_Oil,Emissions,ID_ID,2030,0.2313187540512
Thies,Power,CO2,P_Coal_Hardcoal,Emissions,ID_ID,2022,0.011711198629869975
Thies,Power,CO2,P_Coal_Hardcoal,Emissions,ID_ID,2025,0.025422576784319192
ZS,Power,CO2,P_Gas_CCGT,Emissions,ID_ID,2035,0.2700000000324002
ZS,Power,CO2,P_Gas_CCGT,Emissions,ID_ID,2040,0.3150000000377997
ZS,Power,CO2,P_Gas_CCGT,Emissions,ID_ID,2045,0.35712000000000044
ZS,Power,CO2,P_Gas_CCGT,Emissions,ID_ID,2050,0.002532605311768179
ZS,Power,CO2,P_Oil,Emissions,ID_ID,2022,0.031806732444897935
ZS,Power,CO2,P_Oil,Emissions,ID_ID,2025,0.05807609021999999
ZS,Power,CO2,P_Oil,Emissions,ID_ID,2030,0.05782968851279999
MTKK,Power,CO2,P_Gas_CCGT,Emissions,ID_ID,2035,0.17311289620469733
MTKK,Power,CO2,P_Gas_CCGT,Emissions,ID_ID,2040,0.22271979170948947
MTKK,Power,CO2,P_Gas_CCGT,Emissions,ID_ID,2045,0.26784000000000097
MTKK,Power,CO2,P_Gas_CCGT,Emissions,ID_ID,2050,0.04547263507706394
MTKK,Power,CO2,P_Oil,Emissions,ID_ID,2022,0.027530314813999163
MTKK,Power,CO2,P_Oil,Emissions,ID_ID,2025,0.06775543859000001
MTKK,Power,CO2,P_Oil,Emissions,ID_ID,2030,0.09638281418800027
Dakar,Industry,CO2,HHI_BF_BOF,Emissions,ID_ID,2025,0.17219268422146977
Dakar,Industry,CO2,HHI_BF_BOF,Emissions,ID_ID,2030,0.1364579265082776
Dakar,Industry,CO2,HHI_BF_BOF,Emissions,ID_ID,2035,0.1773896530807955
Dakar,Industry,CO2,HHI_BF_BOF,Emissions,ID_ID,2040,0.18783832167332234
Dakar,Industry,CO2,HHI_BF_BOF,Emissions,ID_ID,2045,0.1724801230403016
Dakar,Industry,CO2,HHI_BF_BOF,Emissions,ID_ID,2050,0.02742544286451385
Dakar,Industry,CO2,HLI_Gas_Boiler,Emissions,ID_ID,2030,0.091939091644358
Dakar,Industry,CO2,HLI_Gas_Boiler,Emissions,ID_ID,2035,0.21063831113849224
Dakar,Industry,CO2,HLI_Gas_Boiler,Emissions,ID_ID,2040,0.37164340146505914
Dakar,Industry,CO2,HLI_Gas_Boiler,Emissions,ID_ID,2045,0.5297640453669993
Dakar,Industry,CO2,HLI_Gas_Boiler,Emissions,ID_ID,2050,0.5790101817657279
Dakar,Industry,CO2,HLI_Hardcoal,Emissions,ID_ID,2022,0.21909999994522503
Dakar,Industry,CO2,HLI_Hardcoal,Emissions,ID_ID,2025,0.24043616663797474
Dakar,Industry,CO2,HLI_Hardcoal,Emissions,ID_ID,2030,0.16126723858262806
Dakar,Industry,CO2,HLI_Hardcoal,Emissions,ID_ID,2035,0.0823672964419741
Dakar,Industry,CO2,HLI_Oil_Boiler,Emissions,ID_ID,2022,0.017411764702400155
Dakar,Industry,CO2,HLI_Oil_Boiler,Emissions,ID_ID,2025,0.017386890756800184
Dakar,Industry,CO2,HLI_Oil_Boiler,Emissions,ID_ID,2030,0.0009228364681557544
Dakar,Industry,CO2,HLI_Oil_Boiler,Emissions,ID_ID,2035,0.0010589483830645363
Dakar,Industry,CO2,HMI_Oil,Emissions,ID_ID,2022,0.0744707923511999
Dakar,Industry,CO2,HMI_Oil,Emissions,ID_ID,2025,0.07418440387079983
Dakar,Industry,CO2,HMI_HardCoal,Emissions,ID_ID,2022,0.4987362636090004
Dakar,Industry,CO2,HMI_HardCoal,Emissions,ID_ID,2025,0.6473376999392121
Dakar,Industry,CO2,HMI_HardCoal,Emissions,ID_ID,2030,0.8676251990465356
Dakar,Industry,CO2,HMI_HardCoal,Emissions,ID_ID,2035,1.2028184813500609
Dakar,Industry,CO2,HMI_Gas,Emissions,ID_ID,2030,0.05927558039459885
Dakar,Industry,CO2,HMI_Gas,Emissions,ID_ID,2035,0.12081930293320174
Dakar,Industry,CO2,HMI_Gas,Emissions,ID_ID,2040,0.9979531633810944
Dakar,Industry,CO2,HMI_Gas,Emissions,ID_ID,2045,0.9554617719794475
Dakar,Industry,CO2,HMI_Gas,Emissions,ID_ID,2050,1.2093191317232441
Diourbel,Industry,CO2,HHI_BF_BOF,Emissions,ID_ID,2025,0.0322977072974879
Diourbel,Industry,CO2,HHI_BF_BOF,Emissions,ID_ID,2030,0.026586836401411337
Diourbel,Industry,CO2,HHI_BF_BOF,Emissions,ID_ID,2035,0.034746862405969706
Diourbel,Industry,CO2,HHI_BF_BOF,Emissions,ID_ID,2040,0.03679741575241651
Diourbel,Industry,CO2,HHI_BF_BOF,Emissions,ID_ID,2045,0.03760831197643931
Diourbel,Industry,CO2,HHI_BF_BOF,Emissions,ID_ID,2050,0.006102321199092362
Diourbel,Industry,CO2,HLI_Gas_Boiler,Emissions,ID_ID,2030,0.023671400110284443
Diourbel,Industry,CO2,HLI_Gas_Boiler,Emissions,ID_ID,2035,0.07520879578985064
Diourbel,Industry,CO2,HLI_Gas_Boiler,Emissions,ID_ID,2040,0.1427889759833949
Diourbel,Industry,CO2,HLI_Gas_Boiler,Emissions,ID_ID,2045,0.2006368168800532
Diourbel,Industry,CO2,HLI_Gas_Boiler,Emissions,ID_ID,2050,0.16533137572582587
Diourbel,Industry,CO2,HLI_Hardcoal,Emissions,ID_ID,2022,0.07511999998121996
Diourbel,Industry,CO2,HLI_Hardcoal,Emissions,ID_ID,2025,0.07388040277776114
Diourbel,Industry,CO2,HLI_Hardcoal,Emissions,ID_ID,2030,0.053865639164908455
Diourbel,Industry,CO2,HLI_Hardcoal,Emissions,ID_ID,2035,0.026886827759839024
Diourbel,Industry,CO2,HLI_Oil_Boiler,Emissions,ID_ID,2022,0.013058823526799998
Diourbel,Industry,CO2,HLI_Oil_Boiler,Emissions,ID_ID,2025,0.0130401680676
Diourbel,Industry,CO2,HLI_Oil_Boiler,Emissions,ID_ID,2030,0.0011553539440562846
Diourbel,Industry,CO2,HLI_Oil_Boiler,Emissions,ID_ID,2035,0.0015935237043658735
Diourbel,Industry,CO2,HMI_Oil,Emissions,ID_ID,2022,0.05585309426339996
Diourbel,Industry,CO2,HMI_Oil,Emissions,ID_ID,2025,0.05563830290310002
Diourbel,Industry,CO2,HMI_HardCoal,Emissions,ID_ID,2022,0.09309743587367977
Diourbel,Industry,CO2,HMI_HardCoal,Emissions,ID_ID,2025,0.13249136698202676
Diourbel,Industry,CO2,HMI_HardCoal,Emissions,ID_ID,2030,0.1496142075487
Diourbel,Industry,CO2,HMI_HardCoal,Emissions,ID_ID,2035,0.14947455850909938
Diourbel,Industry,CO2,HMI_Gas,Emissions,ID_ID,2030,0.057518798162763535
Diourbel,Industry,CO2,HMI_Gas,Emissions,ID_ID,2035,0.10994425032653958
Diourbel,Industry,CO2,HMI_Gas,Emissions,ID_ID,2040,0.2814818993057972
Diourbel,Industry,CO2,HMI_Gas,Emissions,ID_ID,2045,0.24058439276774304
Diourbel,Industry,CO2,HMI_Gas,Emissions,ID_ID,2050,0.25107249881058363
Thies,Industry,CO2,HHI_BF_BOF,Emissions,ID_ID,2025,0.15335750118947392
Thies,Industry,CO2,HHI_BF_BOF,Emissions,ID_ID,2030,0.12128638090174208
Thies,Industry,CO2,HHI_BF_BOF,Emissions,ID_ID,2035,0.15768822793970297
Thies,Industry,CO2,HHI_BF_BOF,Emissions,ID_ID,2040,0.16695990634321756
Thies,Industry,CO2,HHI_BF_BOF,Emissions,ID_ID,2045,0.1669164936080291
Thies,Industry,CO2,HHI_BF_BOF,Emissions,ID_ID,2050,0.025804495861161524
Thies,Industry,CO2,HLI_Gas_Boiler,Emissions,ID_ID,2030,0.0757269338390298
Thies,Industry,CO2,HLI_Gas_Boiler,Emissions,ID_ID,2035,0.170741608579198
Thies,Industry,CO2,HLI_Gas_Boiler,Emissions,ID_ID,2040,0.3050817501400359
Thies,Industry,CO2,HLI_Gas_Boiler,Emissions,ID_ID,2045,0.4233861708587298
Thies,Industry,CO2,HLI_Gas_Boiler,Emissions,ID_ID,2050,0.4350702783344132
Thies,Industry,CO2,HLI_Hardcoal,Emissions,ID_ID,2022,0.1937469999515631
Thies,Industry,CO2,HLI_Hardcoal,Emissions,ID_ID,2025,0.18925385074170867
Thies,Industry,CO2,HLI_Hardcoal,Emissions,ID_ID,2030,0.13901068523722868
Thies,Industry,CO2,HLI_Hardcoal,Emissions,ID_ID,2035,0.06938665183769786
Thies,Industry,CO2,HLI_Oil_Boiler,Emissions,ID_ID,2022,0.019588235290200002
Thies,Industry,CO2,HLI_Oil_Boiler,Emissions,ID_ID,2025,0.019560252101400014
Thies,Industry,CO2,HLI_Oil_Boiler,Emissions,ID_ID,2030,0.0006264133351974256
Thies,Industry,CO2,HLI_Oil_Boiler,Emissions,ID_ID,2035,0.002069051898344076
Thies,Industry,CO2,HMI_Oil,Emissions,ID_ID,2022,0.07447079235120001
Thies,Industry,CO2,HMI_Oil,Emissions,ID_ID,2025,0.07418440387080094
Thies,Industry,CO2,HMI_HardCoal,Emissions,ID_ID,2022,0.43556300355186006
Thies,Industry,CO2,HMI_HardCoal,Emissions,ID_ID,2025,0.5679622413418713
Thies,Industry,CO2,HMI_HardCoal,Emissions,ID_ID,2030,0.731126236429728
Thies,Industry,CO2,HMI_HardCoal,Emissions,ID_ID,2035,1.0026046624524454
Thies,Industry,CO2,HMI_Gas,Emissions,ID_ID,2030,0.059666180394599665
Thies,Industry,CO2,HMI_Gas,Emissions,ID_ID,2035,0.1199179145905569
Thies,Industry,CO2,HMI_Gas,Emissions,ID_ID,2040,0.8602544182452297
Thies,Industry,CO2,HMI_Gas,Emissions,ID_ID,2045,0.7496502538301327
Thies,Industry,CO2,HMI_Gas,Emissions,ID_ID,2050,0.9106371011025807
LS,Industry,CO2,HHI_BF_BOF,Emissions,ID_ID,2025,0.027974878404898682
LS,Industry,CO2,HHI_BF_BOF,Emissions,ID_ID,2030,0.023120814628516683
LS,Industry,CO2,HHI_BF_BOF,Emissions,ID_ID,2035,0.03012028454116671
LS,Industry,CO2,HHI_BF_BOF,Emissions,ID_ID,2040,0.031893083670585895
LS,Industry,CO2,HHI_BF_BOF,Emissions,ID_ID,2045,0.027751285450237678
LS,Industry,CO2,HHI_BF_BOF,Emissions,ID_ID,2050,0.004855416068105398
LS,Industry,CO2,HLI_Gas_Boiler,Emissions,ID_ID,2030,0.026069979744547493
LS,Industry,CO2,HLI_Gas_Boiler,Emissions,ID_ID,2035,0.07630078860023111
LS,Industry,CO2,HLI_Gas_Boiler,Emissions,ID_ID,2040,0.13479856949979058
LS,Industry,CO2,HLI_Gas_Boiler,Emissions,ID_ID,2045,0.1988515978500232
LS,Industry,CO2,HLI_Gas_Boiler,Emissions,ID_ID,2050,0.006563603045608473
LS,Industry,CO2,HLI_Hardcoal,Emissions,ID_ID,2022,0.06259999998434992
LS,Industry,CO2,HLI_Hardcoal,Emissions,ID_ID,2025,0.06233388139130037
LS,Industry,CO2,HLI_Hardcoal,Emissions,ID_ID,2030,0.04488803263742371
LS,Industry,CO2,HLI_Hardcoal,Emissions,ID_ID,2035,0.022405689799865857
LS,Industry,CO2,HLI_Oil_Boiler,Emissions,ID_ID,2022,0.01654117646728
LS,Industry,CO2,HLI_Oil_Boiler,Emissions,ID_ID,2025,0.016517546218960014
LS,Industry,CO2,HLI_Oil_Boiler,Emissions,ID_ID,2030,0.0010287141758902926
LS,Industry,CO2,HLI_Oil_Boiler,Emissions,ID_ID,2035,0.0016255627011114594
LS,Industry,CO2,HMI_Oil,Emissions,ID_ID,2022,0.06702371311608003
LS,Industry,CO2,HMI_Oil,Emissions,ID_ID,2025,0.06676596348371984
LS,Industry,CO2,HMI_Gas,Emissions,ID_ID,2030,0.03926075790737432
LS,Industry,CO2,HMI_Gas,Emissions,ID_ID,2035,0.05710705784828087
LS,Industry,CO2,HMI_Gas,Emissions,ID_ID,2040,0.08693871643937333
LS,Industry,CO2,HMI_Gas,Emissions,ID_ID,2045,0.10552948550885795
LS,Industry,CO2,HMI_Gas,Emissions,ID_ID,2050,0.005287504428953329
FKK,Industry,CO2,HHI_BF_BOF,Emissions,ID_ID,2025,0.036599951290588566
FKK,Industry,CO2,HHI_BF_BOF,Emissions,ID_ID,2030,0.02915446243802289
FKK,Industry,CO2,HHI_BF_BOF,Emissions,ID_ID,2035,0.03938708579533701
FKK,Industry,CO2,HHI_BF_BOF,Emissions,ID_ID,2040,0.04169598090635091
FKK,Industry,CO2,HHI_BF_BOF,Emissions,ID_ID,2045,0.04261360661539179
FKK,Industry,CO2,HHI_BF_BOF,Emissions,ID_ID,2050,0.006557525993262923
FKK,Industry,CO2,HLI_Gas_Boiler,Emissions,ID_ID,2030,0.010095555857141468
FKK,Industry,CO2,HLI_Gas_Boiler,Emissions,ID_ID,2035,0.04252385892199052
FKK,Industry,CO2,HLI_Gas_Boiler,Emissions,ID_ID,2040,0.08049162782918076
FKK,Industry,CO2,HLI_Gas_Boiler,Emissions,ID_ID,2045,0.12119300094685631
FKK,Industry,CO2,HLI_Gas_Boiler,Emissions,ID_ID,2050,0.014338622995415417
FKK,Industry,CO2,HLI_Hardcoal,Emissions,ID_ID,2022,0.025039999993739986
FKK,Industry,CO2,HLI_Hardcoal,Emissions,ID_ID,2025,0.026264376301293763
FKK,Industry,CO2,HLI_Hardcoal,Emissions,ID_ID,2030,0.01795521305496957
FKK,Industry,CO2,HLI_Hardcoal,Emissions,ID_ID,2035,0.008962275919946387
FKK,Industry,CO2,HLI_Oil_Boiler,Emissions,ID_ID,2022,0.018282352937519973
FKK,Industry,CO2,HLI_Oil_Boiler,Emissions,ID_ID,2025,0.018256235294640002
FKK,Industry,CO2,HLI_Oil_Boiler,Emissions,ID_ID,2030,0.0008203512075777633
FKK,Industry,CO2,HLI_Oil_Boiler,Emissions,ID_ID,2035,0.0017576004871627609
FKK,Industry,CO2,HMI_Oil,Emissions,ID_ID,2022,0.05709427413592009
FKK,Industry,CO2,HMI_Oil,Emissions,ID_ID,2025,0.056874709634279895
FKK,Industry,CO2,HMI_HardCoal,Emissions,ID_ID,2022,0.03989890108871986
FKK,Industry,CO2,HMI_HardCoal,Emissions,ID_ID,2025,0.0660203983672746
FKK,Industry,CO2,HMI_HardCoal,Emissions,ID_ID,2030,0.11024490406075417
FKK,Industry,CO2,HMI_HardCoal,Emissions,ID_ID,2035,0.21101605680738791
FKK,Industry,CO2,HMI_Gas,Emissions,ID_ID,2030,0.029867499395603545
FKK,Industry,CO2,HMI_Gas,Emissions,ID_ID,2035,0.024316471316555007
FKK,Industry,CO2,HMI_Gas,Emissions,ID_ID,2040,0.1782243589555805
FKK,Industry,CO2,HMI_Gas,Emissions,ID_ID,2045,0.05546124223618304
FKK,Industry,CO2,HMI_Gas,Emissions,ID_ID,2050,0.0013169632970717767
ZS,Industry,CO2,HHI_BF_BOF,Emissions,ID_ID,2025,0.0021614144462946006
ZS,Industry,CO2,HHI_BF_BOF,Emissions,ID_ID,2030,0.0016069151924020073
ZS,Industry,CO2,HHI_BF_BOF,Emissions,ID_ID,2035,0.0023111051011045
ZS,Industry,CO2,HHI_BF_BOF,Emissions,ID_ID,2040,0.0024592412846387375
ZS,Industry,CO2,HHI_BF_BOF,Emissions,ID_ID,2045,0.0025130057132169573
ZS,Industry,CO2,HHI_BF_BOF,Emissions,ID_ID,2050,0.0004020674384183557
ZS,Industry,CO2,HLI_Gas_Boiler,Emissions,ID_ID,2030,0.0025056323259096537
ZS,Industry,CO2,HLI_Gas_Boiler,Emissions,ID_ID,2035,0.029696794281736338
ZS,Industry,CO2,HLI_Gas_Boiler,Emissions,ID_ID,2040,0.0545925198021273
ZS,Industry,CO2,HLI_Gas_Boiler,Emissions,ID_ID,2045,0.08018858922444504
ZS,Industry,CO2,HLI_Gas_Boiler,Emissions,ID_ID,2050,0.032859886067883565
ZS,Industry,CO2,HLI_Hardcoal,Emissions,ID_ID,2022,0.037559999990610035
ZS,Industry,CO2,HLI_Hardcoal,Emissions,ID_ID,2025,0.027835489098985047
ZS,Industry,CO2,HLI_Hardcoal,Emissions,ID_ID,2030,0.02519123980762679
ZS,Industry,CO2,HLI_Hardcoal,Emissions,ID_ID,2035,0.013890161284317266
ZS,Industry,CO2,HLI_Oil_Boiler,Emissions,ID_ID,2022,0.004788235293160004
ZS,Industry,CO2,HLI_Oil_Boiler,Emissions,ID_ID,2025,0.00478139495812
ZS,Industry,CO2,HLI_Oil_Boiler,Emissions,ID_ID,2030,0.0005847686341992247
ZS,Industry,CO2,HLI_Oil_Boiler,Emissions,ID_ID,2035,0.0007711673090942948
ZS,Industry,CO2,HMI_Oil,Emissions,ID_ID,2022,0.0055853094263399955
ZS,Industry,CO2,HMI_Oil,Emissions,ID_ID,2025,0.005563830290309998
ZS,Industry,CO2,HMI_HardCoal,Emissions,ID_ID,2022,0.02659926739247993
ZS,Industry,CO2,HMI_HardCoal,Emissions,ID_ID,2025,0.0349893293831708
ZS,Industry,CO2,HMI_HardCoal,Emissions,ID_ID,2030,0.03264126422849761
ZS,Industry,CO2,HMI_HardCoal,Emissions,ID_ID,2035,0.03527635226247817
ZS,Industry,CO2,HMI_Gas,Emissions,ID_ID,2030,0.0006424996195327583
ZS,Industry,CO2,HMI_Gas,Emissions,ID_ID,2035,0.024476415328799905
ZS,Industry,CO2,HMI_Gas,Emissions,ID_ID,2040,0.059980788081935715
ZS,Industry,CO2,HMI_Gas,Emissions,ID_ID,2045,0.04383921712330053
ZS,Industry,CO2,HMI_Gas,Emissions,ID_ID,2050,0.00011247339205348147
MTKK,Industry,CO2,HHI_BF_BOF,Emissions,ID_ID,2025,0.05380892726299122
MTKK,Industry,CO2,HHI_BF_BOF,Emissions,ID_ID,2030,0.042701475105416546
MTKK,Industry,CO2,HHI_BF_BOF,Emissions,ID_ID,2035,0.05792017061885639
MTKK,Industry,CO2,HHI_BF_BOF,Emissions,ID_ID,2040,0.0613185424969823
MTKK,Industry,CO2,HHI_BF_BOF,Emissions,ID_ID,2045,0.05790100569231866
MTKK,Industry,CO2,HHI_BF_BOF,Emissions,ID_ID,2050,0.009865183441613148
MTKK,Industry,CO2,HLI_Gas_Boiler,Emissions,ID_ID,2030,0.005649501139714444
MTKK,Industry,CO2,HLI_Gas_Boiler,Emissions,ID_ID,2035,0.037974996235626446
MTKK,Industry,CO2,HLI_Gas_Boiler,Emissions,ID_ID,2040,0.06683266784929738
MTKK,Industry,CO2,HLI_Gas_Boiler,Emissions,ID_ID,2045,0.09835589004798435
MTKK,Industry,CO2,HLI_Gas_Boiler,Emissions,ID_ID,2050,0.056589009243842275
MTKK,Industry,CO2,HLI_Hardcoal,Emissions,ID_ID,2022,0.03255199999186203
MTKK,Industry,CO2,HLI_Hardcoal,Emissions,ID_ID,2025,0.02322839341786283
MTKK,Industry,CO2,HLI_Hardcoal,Emissions,ID_ID,2030,0.023341776971460438
MTKK,Industry,CO2,HLI_Hardcoal,Emissions,ID_ID,2035,0.0116509586959303
MTKK,Industry,CO2,HLI_Oil_Boiler,Emissions,ID_ID,2022,0.013494117644360006
MTKK,Industry,CO2,HLI_Oil_Boiler,Emissions,ID_ID,2025,0.013474840336519986
MTKK,Industry,CO2,HLI_Oil_Boiler,Emissions,ID_ID,2030,0.0007105551524190649
MTKK,Industry,CO2,HLI_Oil_Boiler,Emissions,ID_ID,2035,0.0015078018130194042
MTKK,Industry,CO2,HMI_Oil,Emissions,ID_ID,2022,0.04157952572941998
MTKK,Industry,CO2,HMI_Oil,Emissions,ID_ID,2025,0.04141962549452962
MTKK,Industry,CO2,HMI_HardCoal,Emissions,ID_ID,2022,0.059848351633079805
MTKK,Industry,CO2,HMI_HardCoal,Emissions,ID_ID,2025,0.08674056685553133
MTKK,Industry,CO2,HMI_HardCoal,Emissions,ID_ID,2030,0.11302160796511312
MTKK,Industry,CO2,HMI_HardCoal,Emissions,ID_ID,2035,0.18749669802563812
MTKK,Industry,CO2,HMI_Gas,Emissions,ID_ID,2030,0.02019930209013875
MTKK,Industry,CO2,HMI_Gas,Emissions,ID_ID,2035,0.024476415328799985
MTKK,Industry,CO2,HMI_Gas,Emissions,ID_ID,2040,0.1624579694721796
MTKK,Industry,CO2,HMI_Gas,Emissions,ID_ID,2045,0.07175992933262426
MTKK,Industry,CO2,HMI_Gas,Emissions,ID_ID,2050,0.012899801566184213
Dakar,Transportation,CO2,FRT_Rail_Conv,Emissions,ID_ID,2022,0.004354124402392471
Dakar,Transportation,CO2,FRT_Rail_Conv,Emissions,ID_ID,2025,0.009748381332605702
Dakar,Transportation,CO2,FRT_Rail_Conv,Emissions,ID_ID,2030,0.011310193722240463
Dakar,Transportation,CO2,FRT_Rail_Conv,Emissions,ID_ID,2035,0.013599920756671872
Dakar,Transportation,CO2,FRT_Rail_Conv,Emissions,ID_ID,2040,0.016321760507210886
Dakar,Transportation,CO2,FRT_Rail_Conv,Emissions,ID_ID,2045,0.019673985057333372
Dakar,Transportation,CO2,FRT_Rail_Conv,Emissions,ID_ID,2050,0.02367384794118851
Dakar,Transportation,CO2,FRT_Road_ICE,Emissions,ID_ID,2022,0.31197741895699127
Dakar,Transportation,CO2,FRT_Road_ICE,Emissions,ID_ID,2025,0.33227792834024183
Dakar,Transportation,CO2,FRT_Road_ICE,Emissions,ID_ID,2030,0.2922645075747406
Dakar,Transportation,CO2,FRT_Road_ICE,Emissions,ID_ID,2035,0.34395935314616566
Dakar,Transportation,CO2,FRT_Road_ICE,Emissions,ID_ID,2040,0.38408989993066683
Dakar,Transportation,CO2,FRT_Road_ICE,Emissions,ID_ID,2045,0.41621264972868066
Dakar,Transportation,CO2,FRT_Road_ICE,Emissions,ID_ID,2050,0.5002452748309081
Dakar,Transportation,CO2,FRT_Ship_Conv,Emissions,ID_ID,2022,0.002820233681745368
Dakar,Transportation,CO2,FRT_Ship_Conv,Emissions,ID_ID,2025,0.003145162407923211
Dakar,Transportation,CO2,FRT_Ship_Conv,Emissions,ID_ID,2030,0.00393154233713616
Dakar,Transportation,CO2,FRT_Ship_Conv,Emissions,ID_ID,2035,0.0049133523781145685
Dakar,Transportation,CO2,FRT_Ship_Conv,Emissions,ID_ID,2040,0.006282852616249017
Dakar,Transportation,CO2,FRT_Ship_Conv,Emissions,ID_ID,2045,0.008187436661899724
Dakar,Transportation,CO2,FRT_Ship_Conv,Emissions,ID_ID,2050,0.010449375708697181
Dakar,Transportation,CO2,PSNG_Air_Conv,Emissions,ID_ID,2022,0.03572953621671066
Dakar,Transportation,CO2,PSNG_Air_Conv,Emissions,ID_ID,2025,0.029630470582309186
Dakar,Transportation,CO2,PSNG_Air_Conv,Emissions,ID_ID,2030,0.012520965416282583
Dakar,Transportation,CO2,PSNG_Air_Conv,Emissions,ID_ID,2035,0.016364151064728123
Dakar,Transportation,CO2,PSNG_Air_Conv,Emissions,ID_ID,2040,0.021387062125364044
Dakar,Transportation,CO2,PSNG_Air_Conv,Emissions,ID_ID,2045,0.02795282095126253
Dakar,Transportation,CO2,PSNG_Air_Conv,Emissions,ID_ID,2050,0.03653264213082894
Dakar,Transportation,CO2,PSNG_Rail_Conv,Emissions,ID_ID,2035,0.04748909211558508
Dakar,Transportation,CO2,PSNG_Rail_Conv,Emissions,ID_ID,2040,0.041980284810571505
Dakar,Transportation,CO2,PSNG_Rail_Conv,Emissions,ID_ID,2045,0.058257659717694234
Dakar,Transportation,CO2,PSNG_Rail_Conv,Emissions,ID_ID,2050,0.15286039067819046
Dakar,Transportation,CO2,PSNG_Road_ICE,Emissions,ID_ID,2022,0.8892740637853587
Dakar,Transportation,CO2,PSNG_Road_ICE,Emissions,ID_ID,2025,0.8392848840184836
Dakar,Transportation,CO2,PSNG_Road_ICE,Emissions,ID_ID,2030,0.8616661623887094
Dakar,Transportation,CO2,PSNG_Road_ICE,Emissions,ID_ID,2035,0.8111001816613893
Dakar,Transportation,CO2,PSNG_Road_ICE,Emissions,ID_ID,2040,0.8699015529916236
Dakar,Transportation,CO2,PSNG_Road_ICE,Emissions,ID_ID,2045,0.7221463565920381
Dakar,Transportation,CO2,PSNG_Road_ICE,Emissions,ID_ID,2050,0.6475156173987169
Dakar,Transportation,CO2,PSNG_Road_PHEV,Emissions,ID_ID,2050,0.0019125346091252464
Diourbel,Transportation,CO2,FRT_Rail_Conv,Emissions,ID_ID,2022,0.0012955321949961846
Diourbel,Transportation,CO2,FRT_Rail_Conv,Emissions,ID_ID,2025,0.0020303935270714188
Diourbel,Transportation,CO2,FRT_Rail_Conv,Emissions,ID_ID,2030,0.0023651468675999136
Diourbel,Transportation,CO2,FRT_Rail_Conv,Emissions,ID_ID,2035,0.0028502546801964642
Diourbel,Transportation,CO2,FRT_Rail_Conv,Emissions,ID_ID,2040,0.003428818633766481
Diourbel,Transportation,CO2,FRT_Rail_Conv,Emissions,ID_ID,2045,0.004142173245496418
Diourbel,Transportation,CO2,FRT_Rail_Conv,Emissions,ID_ID,2050,0.0049965824425920475
Diourbel,Transportation,CO2,FRT_Road_ICE,Emissions,ID_ID,2022,0.09798320329751561
Diourbel,Transportation,CO2,FRT_Road_ICE,Emissions,ID_ID,2025,0.10817208176656865
Diourbel,Transportation,CO2,FRT_Road_ICE,Emissions,ID_ID,2030,0.11697455626355924
Diourbel,Transportation,CO2,FRT_Road_ICE,Emissions,ID_ID,2035,0.15320931339844915
Diourbel,Transportation,CO2,FRT_Road_ICE,Emissions,ID_ID,2040,0.1401087754785748
Diourbel,Transportation,CO2,FRT_Road_ICE,Emissions,ID_ID,2045,0.18326661668215313
Diourbel,Transportation,CO2,FRT_Road_ICE,Emissions,ID_ID,2050,0.21982770351732003
Diourbel,Transportation,CO2,PSNG_Rail_Conv,Emissions,ID_ID,2025,7.526171660771748e-5
Diourbel,Transportation,CO2,PSNG_Rail_Conv,Emissions,ID_ID,2030,0.005891147814984231
Diourbel,Transportation,CO2,PSNG_Rail_Conv,Emissions,ID_ID,2035,0.012853347983786545
Diourbel,Transportation,CO2,PSNG_Rail_Conv,Emissions,ID_ID,2040,0.021993395894860577
Diourbel,Transportation,CO2,PSNG_Rail_Conv,Emissions,ID_ID,2045,0.035147354508119
Diourbel,Transportation,CO2,PSNG_Rail_Conv,Emissions,ID_ID,2050,0.05473422402071324
Diourbel,Transportation,CO2,PSNG_Road_ICE,Emissions,ID_ID,2022,0.20354735262234172
Diourbel,Transportation,CO2,PSNG_Road_ICE,Emissions,ID_ID,2025,0.21025204853975588
Diourbel,Transportation,CO2,PSNG_Road_ICE,Emissions,ID_ID,2030,0.20527927765104229
Diourbel,Transportation,CO2,PSNG_Road_ICE,Emissions,ID_ID,2035,0.22074177040375167
Diourbel,Transportation,CO2,PSNG_Road_ICE,Emissions,ID_ID,2040,0.24086941840812687
Diourbel,Transportation,CO2,PSNG_Road_ICE,Emissions,ID_ID,2045,0.18400247614308662
Diourbel,Transportation,CO2,PSNG_Road_ICE,Emissions,ID_ID,2050,0.1649866067384893
Diourbel,Transportation,CO2,PSNG_Road_PHEV,Emissions,ID_ID,2050,0.0007790225874853549
Thies,Transportation,CO2,FRT_Rail_Conv,Emissions,ID_ID,2022,0.0012740159522092876
Thies,Transportation,CO2,FRT_Rail_Conv,Emissions,ID_ID,2025,0.0021394075609732495
Thies,Transportation,CO2,FRT_Rail_Conv,Emissions,ID_ID,2030,0.0024918250771325343
Thies,Transportation,CO2,FRT_Rail_Conv,Emissions,ID_ID,2035,0.003003224013564547
Thies,Transportation,CO2,FRT_Rail_Conv,Emissions,ID_ID,2040,0.0036124356888334696
Thies,Transportation,CO2,FRT_Rail_Conv,Emissions,ID_ID,2045,0.004364196263335014
Thies,Transportation,CO2,FRT_Rail_Conv,Emissions,ID_ID,2050,0.005264370746173395
Thies,Transportation,CO2,FRT_Road_ICE,Emissions,ID_ID,2022,0.04564226601585979
Thies,Transportation,CO2,FRT_Road_ICE,Emissions,ID_ID,2025,0.04861510767659083
Thies,Transportation,CO2,FRT_Road_ICE,Emissions,ID_ID,2030,0.04275731446967349
Thies,Transportation,CO2,FRT_Road_ICE,Emissions,ID_ID,2035,0.054849470115839086
Thies,Transportation,CO2,FRT_Road_ICE,Emissions,ID_ID,2040,0.05205066394894574
Thies,Transportation,CO2,FRT_Road_ICE,Emissions,ID_ID,2045,0.046163773476715346
Thies,Transportation,CO2,FRT_Road_ICE,Emissions,ID_ID,2050,0.040939059066393065
Thies,Transportation,CO2,PSNG_Air_Conv,Emissions,ID_ID,2030,0.004978998590031838
Thies,Transportation,CO2,PSNG_Air_Conv,Emissions,ID_ID,2035,0.006507490355289242
Thies,Transportation,CO2,PSNG_Air_Conv,Emissions,ID_ID,2040,0.008504663297186342
Thies,Transportation,CO2,PSNG_Air_Conv,Emissions,ID_ID,2045,0.01111576635695203
Thies,Transportation,CO2,PSNG_Air_Conv,Emissions,ID_ID,2050,0.01452742753465362
Thies,Transportation,CO2,PSNG_Rail_Conv,Emissions,ID_ID,2025,8.233726800275146e-5
Thies,Transportation,CO2,PSNG_Rail_Conv,Emissions,ID_ID,2030,0.00483358534295947
Thies,Transportation,CO2,PSNG_Rail_Conv,Emissions,ID_ID,2035,0.08936439901798057
Thies,Transportation,CO2,PSNG_Rail_Conv,Emissions,ID_ID,2040,0.024668148238721772
Thies,Transportation,CO2,PSNG_Rail_Conv,Emissions,ID_ID,2045,0.04703023062507761
Thies,Transportation,CO2,PSNG_Rail_Conv,Emissions,ID_ID,2050,0.08424140291246698
Thies,Transportation,CO2,PSNG_Road_ICE,Emissions,ID_ID,2022,0.37223229355055776
Thies,Transportation,CO2,PSNG_Road_ICE,Emissions,ID_ID,2025,0.3825118989237309
Thies,Transportation,CO2,PSNG_Road_ICE,Emissions,ID_ID,2030,0.33028007167452417
Thies,Transportation,CO2,PSNG_Road_ICE,Emissions,ID_ID,2035,0.07557359125263308
Thies,Transportation,CO2,PSNG_Road_ICE,Emissions,ID_ID,2040,0.38523464167843546
Thies,Transportation,CO2,PSNG_Road_ICE,Emissions,ID_ID,2045,0.29836270741613585
Thies,Transportation,CO2,PSNG_Road_ICE,Emissions,ID_ID,2050,0.26752819693370455
Thies,Transportation,CO2,PSNG_Road_PHEV,Emissions,ID_ID,2050,0.0007979341952146449
LS,Transportation,CO2,FRT_Rail_Conv,Emissions,ID_ID,2022,0.0010164569868292075
LS,Transportation,CO2,FRT_Rail_Conv,Emissions,ID_ID,2025,0.0015930225918942297
LS,Transportation,CO2,FRT_Rail_Conv,Emissions,ID_ID,2030,0.0018483145496994509
LS,Transportation,CO2,FRT_Rail_Conv,Emissions,ID_ID,2035,0.0022222493239079633
LS,Transportation,CO2,FRT_Rail_Conv,Emissions,ID_ID,2040,0.002667204438357802
LS,Transportation,CO2,FRT_Rail_Conv,Emissions,ID_ID,2045,0.0032148456560832086
LS,Transportation,CO2,FRT_Rail_Conv,Emissions,ID_ID,2050,0.003868725195191856
LS,Transportation,CO2,FRT_Road_ICE,Emissions,ID_ID,2022,0.07283017156274466
LS,Transportation,CO2,FRT_Road_ICE,Emissions,ID_ID,2025,0.08030759609630891
LS,Transportation,CO2,FRT_Road_ICE,Emissions,ID_ID,2030,0.07827007376658851
LS,Transportation,CO2,FRT_Road_ICE,Emissions,ID_ID,2035,0.09851502617005325
LS,Transportation,CO2,FRT_Road_ICE,Emissions,ID_ID,2040,0.10409398817010736
LS,Transportation,CO2,FRT_Road_ICE,Emissions,ID_ID,2045,0.11353049230248018
LS,Transportation,CO2,FRT_Road_ICE,Emissions,ID_ID,2050,0.08872450046747485
LS,Transportation,CO2,FRT_Ship_Conv,Emissions,ID_ID,2022,0.000658374902822252
LS,Transportation,CO2,FRT_Ship_Conv,Emissions,ID_ID,2025,0.0007342339498001703
LS,Transportation,CO2,FRT_Ship_Conv,Emissions,ID_ID,2030,0.0009178536397256406
LS,Transportation,CO2,FRT_Ship_Conv,Emissions,ID_ID,2035,0.0011469264794504396
LS,Transportation,CO2,FRT_Ship_Conv,Emissions,ID_ID,2040,0.001480722008094755
LS,Transportation,CO2,FRT_Ship_Conv,Emissions,ID_ID,2045,0.0019309476483748485
LS,Transportation,CO2,FRT_Ship_Conv,Emissions,ID_ID,2050,0.0024730058223588155
LS,Transportation,CO2,PSNG_Air_Conv,Emissions,ID_ID,2030,0.004183507295627159
LS,Transportation,CO2,PSNG_Air_Conv,Emissions,ID_ID,2035,0.005467947060796499
LS,Transportation,CO2,PSNG_Air_Conv,Emissions,ID_ID,2040,0.007145910120225479
LS,Transportation,CO2,PSNG_Air_Conv,Emissions,ID_ID,2045,0.009339844709252403
LS,Transportation,CO2,PSNG_Air_Conv,Emissions,ID_ID,2050,0.012206822357345697
LS,Transportation,CO2,PSNG_Rail_Conv,Emissions,ID_ID,2022,0.0007046890122319755
LS,Transportation,CO2,PSNG_Rail_Conv,Emissions,ID_ID,2025,0.0007860142086003303
LS,Transportation,CO2,PSNG_Rail_Conv,Emissions,ID_ID,2030,0.003808799811297824
LS,Transportation,CO2,PSNG_Rail_Conv,Emissions,ID_ID,2035,0.011442916421255061
LS,Transportation,CO2,PSNG_Rail_Conv,Emissions,ID_ID,2040,0.022371836738683808
LS,Transportation,CO2,PSNG_Rail_Conv,Emissions,ID_ID,2045,0.03840247590791244
LS,Transportation,CO2,PSNG_Rail_Conv,Emissions,ID_ID,2050,0.06945310366921162
LS,Transportation,CO2,PSNG_Road_ICE,Emissions,ID_ID,2022,0.3096427406722131
LS,Transportation,CO2,PSNG_Road_ICE,Emissions,ID_ID,2025,0.3214592349412246
LS,Transportation,CO2,PSNG_Road_ICE,Emissions,ID_ID,2030,0.30309742463110106
LS,Transportation,CO2,PSNG_Road_ICE,Emissions,ID_ID,2035,0.3232539185120581
LS,Transportation,CO2,PSNG_Road_ICE,Emissions,ID_ID,2040,0.3488515992739399
LS,Transportation,CO2,PSNG_Road_ICE,Emissions,ID_ID,2045,0.29387227810924604
LS,Transportation,CO2,PSNG_Road_ICE,Emissions,ID_ID,2050,0.2635018343016783
LS,Transportation,CO2,PSNG_Road_PHEV,Emissions,ID_ID,2050,0.0008895777198271831
FKK,Transportation,CO2,FRT_Rail_Conv,Emissions,ID_ID,2022,0.0005066386232579364
FKK,Transportation,CO2,FRT_Rail_Conv,Emissions,ID_ID,2025,0.00141798275350545
FKK,Transportation,CO2,FRT_Rail_Conv,Emissions,ID_ID,2030,0.0016377482339104278
FKK,Transportation,CO2,FRT_Rail_Conv,Emissions,ID_ID,2035,0.0019643957969644184
FKK,Transportation,CO2,FRT_Rail_Conv,Emissions,ID_ID,2040,0.002351265765927561
FKK,Transportation,CO2,FRT_Rail_Conv,Emissions,ID_ID,2045,0.0028269592055459604
FKK,Transportation,CO2,FRT_Rail_Conv,Emissions,ID_ID,2050,0.003392311061885921
FKK,Transportation,CO2,FRT_Road_ICE,Emissions,ID_ID,2022,0.088736193274687
FKK,Transportation,CO2,FRT_Road_ICE,Emissions,ID_ID,2025,0.09666514997337362
FKK,Transportation,CO2,FRT_Road_ICE,Emissions,ID_ID,2030,0.09395258208318345
FKK,Transportation,CO2,FRT_Road_ICE,Emissions,ID_ID,2035,0.1079211003983122
FKK,Transportation,CO2,FRT_Road_ICE,Emissions,ID_ID,2040,0.10666820387275902
FKK,Transportation,CO2,FRT_Road_ICE,Emissions,ID_ID,2045,0.12647702585776516
FKK,Transportation,CO2,FRT_Road_ICE,Emissions,ID_ID,2050,0.11923946732554473
FKK,Transportation,CO2,FRT_Ship_Conv,Emissions,ID_ID,2022,0.001640788339671724
FKK,Transportation,CO2,FRT_Ship_Conv,Emissions,ID_ID,2025,0.00182995962067754
FKK,Transportation,CO2,FRT_Ship_Conv,Emissions,ID_ID,2030,0.00228731800555128
FKK,Transportation,CO2,FRT_Ship_Conv,Emissions,ID_ID,2035,0.002869587057702001
FKK,Transportation,CO2,FRT_Ship_Conv,Emissions,ID_ID,2040,0.00366980589368452
FKK,Transportation,CO2,FRT_Ship_Conv,Emissions,ID_ID,2045,0.005658140493535418
FKK,Transportation,CO2,FRT_Ship_Conv,Emissions,ID_ID,2050,0.007191567811150973
FKK,Transportation,CO2,PSNG_Rail_Conv,Emissions,ID_ID,2022,0.0004083960465870419
FKK,Transportation,CO2,PSNG_Rail_Conv,Emissions,ID_ID,2025,0.0009212753322494831
FKK,Transportation,CO2,PSNG_Rail_Conv,Emissions,ID_ID,2030,0.014021964000000492
FKK,Transportation,CO2,PSNG_Rail_Conv,Emissions,ID_ID,2035,0.02707428746667781
FKK,Transportation,CO2,PSNG_Rail_Conv,Emissions,ID_ID,2040,0.04451524272230917
FKK,Transportation,CO2,PSNG_Rail_Conv,Emissions,ID_ID,2045,0.06861583391146417
FKK,Transportation,CO2,PSNG_Rail_Conv,Emissions,ID_ID,2050,0.10510566028019601
FKK,Transportation,CO2,PSNG_Road_ICE,Emissions,ID_ID,2022,0.3607138468322208
FKK,Transportation,CO2,PSNG_Road_ICE,Emissions,ID_ID,2025,0.37448216509269855
FKK,Transportation,CO2,PSNG_Road_ICE,Emissions,ID_ID,2030,0.3578865811080716
FKK,Transportation,CO2,PSNG_Road_ICE,Emissions,ID_ID,2035,0.38447465650729434
FKK,Transportation,CO2,PSNG_Road_ICE,Emissions,ID_ID,2040,0.41717050423214747
FKK,Transportation,CO2,PSNG_Road_ICE,Emissions,ID_ID,2045,0.3367606402239535
FKK,Transportation,CO2,PSNG_Road_ICE,Emissions,ID_ID,2050,0.3019578675149196
FKK,Transportation,CO2,PSNG_Road_PHEV,Emissions,ID_ID,2050,0.000683514483687498
ZS,Transportation,CO2,FRT_Road_ICE,Emissions,ID_ID,2022,0.03390471895946104
ZS,Transportation,CO2,FRT_Road_ICE,Emissions,ID_ID,2025,0.035507424748629196
ZS,Transportation,CO2,FRT_Road_ICE,Emissions,ID_ID,2030,0.035301363912275854
ZS,Transportation,CO2,FRT_Road_ICE,Emissions,ID_ID,2035,0.047106026227196764
ZS,Transportation,CO2,FRT_Road_ICE,Emissions,ID_ID,2040,0.05544284439517807
ZS,Transportation,CO2,FRT_Road_ICE,Emissions,ID_ID,2045,0.06563496316736525
ZS,Transportation,CO2,FRT_Road_ICE,Emissions,ID_ID,2050,0.07738660462740085
ZS,Transportation,CO2,FRT_Ship_Conv,Emissions,ID_ID,2022,0.0023643828626901324
ZS,Transportation,CO2,FRT_Ship_Conv,Emissions,ID_ID,2025,0.00307655275473917
ZS,Transportation,CO2,FRT_Ship_Conv,Emissions,ID_ID,2030,0.0038453750105962785
ZS,Transportation,CO2,FRT_Ship_Conv,Emissions,ID_ID,2035,0.004805452138684469
ZS,Transportation,CO2,FRT_Ship_Conv,Emissions,ID_ID,2040,0.0060035816510588084
ZS,Transportation,CO2,FRT_Ship_Conv,Emissions,ID_ID,2045,0.007499422722911137
ZS,Transportation,CO2,FRT_Ship_Conv,Emissions,ID_ID,2050,0.009364843863657516
ZS,Transportation,CO2,PSNG_Air_Conv,Emissions,ID_ID,2022,0.005144417369268245
ZS,Transportation,CO2,PSNG_Air_Conv,Emissions,ID_ID,2025,0.003912423528629282
ZS,Transportation,CO2,PSNG_Air_Conv,Emissions,ID_ID,2030,0.002485487580721591
ZS,Transportation,CO2,PSNG_Air_Conv,Emissions,ID_ID,2035,0.003241078118816521
ZS,Transportation,CO2,PSNG_Air_Conv,Emissions,ID_ID,2040,0.004235864472116641
ZS,Transportation,CO2,PSNG_Air_Conv,Emissions,ID_ID,2045,0.00553634917846824
ZS,Transportation,CO2,PSNG_Air_Conv,Emissions,ID_ID,2050,0.007236268473199265
ZS,Transportation,CO2,PSNG_Rail_Conv,Emissions,ID_ID,2030,0.005377367453775262
ZS,Transportation,CO2,PSNG_Rail_Conv,Emissions,ID_ID,2035,0.011537987485799399
ZS,Transportation,CO2,PSNG_Rail_Conv,Emissions,ID_ID,2040,0.01979116602203894
ZS,Transportation,CO2,PSNG_Rail_Conv,Emissions,ID_ID,2045,0.031144463464119778
ZS,Transportation,CO2,PSNG_Rail_Conv,Emissions,ID_ID,2050,0.0481445022656125
ZS,Transportation,CO2,PSNG_Road_ICE,Emissions,ID_ID,2022,0.18001980168407822
ZS,Transportation,CO2,PSNG_Road_ICE,Emissions,ID_ID,2025,0.1895680051456824
ZS,Transportation,CO2,PSNG_Road_ICE,Emissions,ID_ID,2030,0.18664323074089653
ZS,Transportation,CO2,PSNG_Road_ICE,Emissions,ID_ID,2035,0.20258774934473078
ZS,Transportation,CO2,PSNG_Road_ICE,Emissions,ID_ID,2040,0.19815742248140206
ZS,Transportation,CO2,PSNG_Road_ICE,Emissions,ID_ID,2045,0.11130918204833642
ZS,Transportation,CO2,PSNG_Road_ICE,Emissions,ID_ID,2050,0.0922091765472132
ZS,Transportation,CO2,PSNG_Road_PHEV,Emissions,ID_ID,2050,0.0005603054962832291
MTKK,Transportation,CO2,FRT_Rail_Conv,Emissions,ID_ID,2022,0.0014287633141248923
MTKK,Transportation,CO2,FRT_Rail_Conv,Emissions,ID_ID,2025,0.0031989645186924006
MTKK,Transportation,CO2,FRT_Rail_Conv,Emissions,ID_ID,2030,0.0037262593594808587
MTKK,Transportation,CO2,FRT_Rail_Conv,Emissions,ID_ID,2035,0.004490549029468636
MTKK,Transportation,CO2,FRT_Rail_Conv,Emissions,ID_ID,2040,0.0054021679352358925
MTKK,Transportation,CO2,FRT_Rail_Conv,Emissions,ID_ID,2045,0.006526184410710013
MTKK,Transportation,CO2,FRT_Rail_Conv,Emissions,ID_ID,2050,0.007872045554706487
MTKK,Transportation,CO2,FRT_Road_ICE,Emissions,ID_ID,2022,0.10805968914755053
MTKK,Transportation,CO2,FRT_Road_ICE,Emissions,ID_ID,2025,0.11545214113044071
MTKK,Transportation,CO2,FRT_Road_ICE,Emissions,ID_ID,2030,0.1250805886368455
MTKK,Transportation,CO2,FRT_Road_ICE,Emissions,ID_ID,2035,0.16351535526337618
MTKK,Transportation,CO2,FRT_Road_ICE,Emissions,ID_ID,2040,0.19762400100125466
MTKK,Transportation,CO2,FRT_Road_ICE,Emissions,ID_ID,2045,0.23988264417743574
MTKK,Transportation,CO2,FRT_Road_ICE,Emissions,ID_ID,2050,0.290771847036235
MTKK,Transportation,CO2,PSNG_Rail_Conv,Emissions,ID_ID,2030,0.011058190000000901
MTKK,Transportation,CO2,PSNG_Rail_Conv,Emissions,ID_ID,2035,0.02277374663863745
MTKK,Transportation,CO2,PSNG_Rail_Conv,Emissions,ID_ID,2040,0.03844015868144663
MTKK,Transportation,CO2,PSNG_Rail_Conv,Emissions,ID_ID,2045,0.059464632030566
MTKK,Transportation,CO2,PSNG_Rail_Conv,Emissions,ID_ID,2050,0.09118255992503595
MTKK,Transportation,CO2,PSNG_Road_ICE,Emissions,ID_ID,2022,0.3430916463392446
MTKK,Transportation,CO2,PSNG_Road_ICE,Emissions,ID_ID,2025,0.35794835989743584
MTKK,Transportation,CO2,PSNG_Road_ICE,Emissions,ID_ID,2030,0.34599491152474066
MTKK,Transportation,CO2,PSNG_Road_ICE,Emissions,ID_ID,2035,0.3720237430962136
MTKK,Transportation,CO2,PSNG_Road_ICE,Emissions,ID_ID,2040,0.3934821358748938
MTKK,Transportation,CO2,PSNG_Road_ICE,Emissions,ID_ID,2045,0.21668780092271617
MTKK,Transportation,CO2,PSNG_Road_ICE,Emissions,ID_ID,2050,0.16091145962647374
MTKK,Transportation,CO2,PSNG_Road_PHEV,Emissions,ID_ID,2050,0.0038602145808496998
