Type,Region,Dim1,Dim2,Year,Value
SelfSufficiencyRate,Dakar,X,X,2022,1.2999593210026437
SelfSufficiencyRate,Diourbel,X,X,2022,0.12546158725397205
SelfSufficiencyRate,Thies,X,X,2022,1.595263878532014
SelfSufficiencyRate,LS,X,X,2022,0.1138855038599813
SelfSufficiencyRate,FKK,X,X,2022,0.1421004042010416
SelfSufficiencyRate,ZS,X,X,2022,0.20463992999838884
SelfSufficiencyRate,MTKK,X,X,2022,1.0281465887761596
SelfSufficiencyRate,Dakar,X,X,2025,1.1181072523342117
SelfSufficiencyRate,Diourbel,X,X,2025,0.12070047755921802
SelfSufficiencyRate,Thies,X,X,2025,1.3528386738306992
SelfSufficiencyRate,LS,X,X,2025,0.22978438551581185
SelfSufficiencyRate,FKK,X,X,2025,0.2667102550982147
SelfSufficiencyRate,ZS,X,X,2025,0.2576427358636982
SelfSufficiencyRate,MTKK,X,X,2025,1.9605261480986005
SelfSufficiencyRate,Dakar,X,X,2030,1.4729607136670826
SelfSufficiencyRate,Diourbel,X,X,2030,0.09288283430619536
SelfSufficiencyRate,Thies,X,X,2030,0.822478752188824
SelfSufficiencyRate,LS,X,X,2030,0.11397007287796984
SelfSufficiencyRate,FKK,X,X,2030,0.1911861475276839
SelfSufficiencyRate,ZS,X,X,2030,0.15307815398184813
SelfSufficiencyRate,MTKK,X,X,2030,1.567298486738898
SelfSufficiencyRate,Dakar,X,X,2035,1.5419273582596444
SelfSufficiencyRate,Diourbel,X,X,2035,0.08241138492737383
SelfSufficiencyRate,Thies,X,X,2035,0.7323436852745348
SelfSufficiencyRate,LS,X,X,2035,0.40896319223962485
SelfSufficiencyRate,FKK,X,X,2035,0.17593660006703474
SelfSufficiencyRate,ZS,X,X,2035,0.0010362209072978688
SelfSufficiencyRate,MTKK,X,X,2035,1.2855628122728757
SelfSufficiencyRate,Dakar,X,X,2040,1.4047807319935157
SelfSufficiencyRate,Diourbel,X,X,2040,0.06928482728497468
SelfSufficiencyRate,Thies,X,X,2040,0.9725538440064179
SelfSufficiencyRate,LS,X,X,2040,1.034180470401024
SelfSufficiencyRate,FKK,X,X,2040,0.1629665871633432
SelfSufficiencyRate,ZS,X,X,2040,0.0023855135889897707
SelfSufficiencyRate,MTKK,X,X,2040,1.2002131112416035
SelfSufficiencyRate,Dakar,X,X,2045,1.410606654704852
SelfSufficiencyRate,Diourbel,X,X,2045,0.058918492007634424
SelfSufficiencyRate,Thies,X,X,2045,0.923348887285508
SelfSufficiencyRate,LS,X,X,2045,1.1465384826872176
SelfSufficiencyRate,FKK,X,X,2045,0.17275637645503775
SelfSufficiencyRate,ZS,X,X,2045,0.8128097430544049
SelfSufficiencyRate,MTKK,X,X,2045,1.0416457411294793
SelfSufficiencyRate,Dakar,X,X,2050,1.5546882540081526
SelfSufficiencyRate,Diourbel,X,X,2050,0.04581231164093329
SelfSufficiencyRate,Thies,X,X,2050,0.8544968939199402
SelfSufficiencyRate,LS,X,X,2050,0.8870757392801238
SelfSufficiencyRate,FKK,X,X,2050,0.30212085784661386
SelfSufficiencyRate,ZS,X,X,2050,0.8835782537368144
SelfSufficiencyRate,MTKK,X,X,2050,1.0377180260937544
ElectrificationRate,Total,Industry,X,2025,0.03805922707704267
ElectrificationRate,Total,Transportation,X,2025,0.00612129828716953
ElectrificationRate,Total,Industry,X,2030,0.1164173701252302
ElectrificationRate,Total,Transportation,X,2030,0.09639342476871911
ElectrificationRate,Total,Industry,X,2035,0.11591340467280374
ElectrificationRate,Total,Transportation,X,2035,0.12456402064836088
ElectrificationRate,Total,Industry,X,2040,0.12893222832989973
ElectrificationRate,Total,Transportation,X,2040,0.12603795495397827
ElectrificationRate,Total,Industry,X,2045,0.1743670491960502
ElectrificationRate,Total,Transportation,X,2045,0.15727989267116943
ElectrificationRate,Total,Industry,X,2050,0.20362363742179027
ElectrificationRate,Total,Transportation,X,2050,0.1805497175205969
FinalEnergyConsumption,Dakar,P_Oil,Oil,2022,9.42078127876805
FinalEnergyConsumption,Dakar,P_Oil,Oil,2025,5.813422444444446
FinalEnergyConsumption,Dakar,P_Oil,Oil,2030,7.235947011111124
FinalEnergyConsumption,Dakar,P_Oil,Oil,2035,5.764092771111135
FinalEnergyConsumption,Dakar,P_Oil,Oil,2040,4.3045709516666575
FinalEnergyConsumption,Dakar,P_Oil,Oil,2045,5.714763097777775
FinalEnergyConsumption,Dakar,P_Oil,Oil,2050,12.842896397755885
FinalEnergyConsumption,Dakar,HLI_Oil_Boiler,Oil,2022,0.06535947711111108
FinalEnergyConsumption,Dakar,HLI_Oil_Boiler,Oil,2025,0.06526610644444442
FinalEnergyConsumption,Dakar,HLI_Oil_Boiler,Oil,2030,0.005987727837667137
FinalEnergyConsumption,Dakar,HLI_Oil_Boiler,Oil,2035,0.003975031467959964
FinalEnergyConsumption,Dakar,HMI_Oil,Oil,2022,0.2795450163333334
FinalEnergyConsumption,Dakar,HMI_Oil,Oil,2025,0.27846998449999955
FinalEnergyConsumption,Dakar,FRT_Rail_Conv,Oil,2022,0.016344310819791562
FinalEnergyConsumption,Dakar,FRT_Rail_Conv,Oil,2025,0.036593023020291646
FinalEnergyConsumption,Dakar,FRT_Rail_Conv,Oil,2030,0.04245568214054226
FinalEnergyConsumption,Dakar,FRT_Rail_Conv,Oil,2035,0.05105075359111064
FinalEnergyConsumption,Dakar,FRT_Rail_Conv,Oil,2040,0.061267869771812845
FinalEnergyConsumption,Dakar,FRT_Rail_Conv,Oil,2045,0.07385129526026034
FinalEnergyConsumption,Dakar,FRT_Rail_Conv,Oil,2050,0.08886579557503184
FinalEnergyConsumption,Dakar,FRT_Road_ICE,Oil,2022,1.1710864074962133
FinalEnergyConsumption,Dakar,FRT_Road_ICE,Oil,2025,1.247289520796704
FinalEnergyConsumption,Dakar,FRT_Road_ICE,Oil,2030,1.4534833740434612
FinalEnergyConsumption,Dakar,FRT_Road_ICE,Oil,2035,1.7556570462379502
FinalEnergyConsumption,Dakar,FRT_Road_ICE,Oil,2040,2.116809141995818
FinalEnergyConsumption,Dakar,FRT_Road_ICE,Oil,2045,2.563749416519518
FinalEnergyConsumption,Dakar,FRT_Road_ICE,Oil,2050,3.1001169043628085
FinalEnergyConsumption,Dakar,FRT_Ship_Conv,Oil,2022,0.010586462769314438
FinalEnergyConsumption,Dakar,FRT_Ship_Conv,Oil,2025,0.011806165194906947
FinalEnergyConsumption,Dakar,FRT_Ship_Conv,Oil,2030,0.014758041806066666
FinalEnergyConsumption,Dakar,FRT_Ship_Conv,Oil,2035,0.0184435149328625
FinalEnergyConsumption,Dakar,FRT_Ship_Conv,Oil,2040,0.02304296304521251
FinalEnergyConsumption,Dakar,FRT_Ship_Conv,Oil,2045,0.028782020189691646
FinalEnergyConsumption,Dakar,FRT_Ship_Conv,Oil,2050,0.03593937096215557
FinalEnergyConsumption,Dakar,PSNG_Air_Conv,Oil,2022,0.13411988069335842
FinalEnergyConsumption,Dakar,PSNG_Air_Conv,Oil,2025,0.11122549017383333
FinalEnergyConsumption,Dakar,PSNG_Air_Conv,Oil,2030,0.04700062093199167
FinalEnergyConsumption,Dakar,PSNG_Air_Conv,Oil,2035,0.06142699348621667
FinalEnergyConsumption,Dakar,PSNG_Air_Conv,Oil,2040,0.08028176473484996
FinalEnergyConsumption,Dakar,PSNG_Air_Conv,Oil,2045,0.10492800657380842
FinalEnergyConsumption,Dakar,PSNG_Air_Conv,Oil,2050,0.1371345425331417
FinalEnergyConsumption,Dakar,PSNG_Rail_Conv,Oil,2035,0.039565448438740235
FinalEnergyConsumption,Dakar,PSNG_Rail_Conv,Oil,2040,0.12498219670643544
FinalEnergyConsumption,Dakar,PSNG_Rail_Conv,Oil,2045,0.20319880859196007
FinalEnergyConsumption,Dakar,PSNG_Rail_Conv,Oil,2050,0.6609319444444448
FinalEnergyConsumption,Dakar,PSNG_Road_ICE,Oil,2022,3.338115855050145
FinalEnergyConsumption,Dakar,PSNG_Road_ICE,Oil,2025,3.2995041657212516
FinalEnergyConsumption,Dakar,PSNG_Road_ICE,Oil,2030,3.2344825915492117
FinalEnergyConsumption,Dakar,PSNG_Road_ICE,Oil,2035,3.486245741942897
FinalEnergyConsumption,Dakar,PSNG_Road_ICE,Oil,2040,3.672269999999999
FinalEnergyConsumption,Dakar,PSNG_Road_ICE,Oil,2045,4.122300464495415
FinalEnergyConsumption,Dakar,PSNG_Road_ICE,Oil,2050,4.38049337153667
FinalEnergyConsumption,Dakar,PSNG_Road_PHEV,Oil,2050,0.01950822015451191
FinalEnergyConsumption,Dakar,HLI_Gas_Boiler,Gas_Natural,2025,0.0005266387253287678
FinalEnergyConsumption,Dakar,HLI_Gas_Boiler,Gas_Natural,2030,0.559383344897154
FinalEnergyConsumption,Dakar,HLI_Gas_Boiler,Gas_Natural,2035,1.2080761959219435
FinalEnergyConsumption,Dakar,HLI_Gas_Boiler,Gas_Natural,2040,2.070369107886497
FinalEnergyConsumption,Dakar,HLI_Gas_Boiler,Gas_Natural,2045,3.0455040243396962
FinalEnergyConsumption,Dakar,HLI_Gas_Boiler,Gas_Natural,2050,4.478141477139752
FinalEnergyConsumption,Dakar,P_Gas_CCGT,Gas_Natural,2025,2.2734642527777673
FinalEnergyConsumption,Dakar,P_Gas_CCGT,Gas_Natural,2030,5.376344086666665
FinalEnergyConsumption,Dakar,P_Gas_CCGT,Gas_Natural,2035,6.272401434444449
FinalEnergyConsumption,Dakar,P_Gas_CCGT,Gas_Natural,2040,7.168458782222229
FinalEnergyConsumption,Dakar,P_Gas_CCGT,Gas_Natural,2045,8.888888888888891
FinalEnergyConsumption,Dakar,P_Gas_CCGT,Gas_Natural,2050,10.58201057999998
FinalEnergyConsumption,Dakar,HMI_Gas,Gas_Natural,2050,0.006899501496693126
FinalEnergyConsumption,Dakar,P_Gas_OCGT,Gas_Natural,2025,1.9293719748528972
FinalEnergyConsumption,Dakar,P_Gas_OCGT,Gas_Natural,2030,3.7003787883333357
FinalEnergyConsumption,Dakar,P_Gas_OCGT,Gas_Natural,2035,6.172839505555563
FinalEnergyConsumption,Dakar,P_Gas_OCGT,Gas_Natural,2040,6.1728395055555465
FinalEnergyConsumption,Dakar,P_Gas_OCGT,Gas_Natural,2045,6.790123456111111
FinalEnergyConsumption,Dakar,P_Gas_OCGT,Gas_Natural,2050,7.40740740666666
FinalEnergyConsumption,Dakar,HHI_BF_BOF,Hardcoal,2025,0.5093855289950008
FinalEnergyConsumption,Dakar,HHI_BF_BOF,Hardcoal,2030,0.5058308792523671
FinalEnergyConsumption,Dakar,HHI_BF_BOF,Hardcoal,2035,0.5356194654285704
FinalEnergyConsumption,Dakar,HHI_BF_BOF,Hardcoal,2040,0.5671687141517764
FinalEnergyConsumption,Dakar,HHI_BF_BOF,Hardcoal,2045,0.600452713541626
FinalEnergyConsumption,Dakar,HHI_BF_BOF,Hardcoal,2050,0.6356510668002512
FinalEnergyConsumption,Dakar,HLI_Hardcoal,Hardcoal,2022,0.6481481479861109
FinalEnergyConsumption,Dakar,HLI_Hardcoal,Hardcoal,2025,0.7112654320138893
FinalEnergyConsumption,Dakar,HLI_Hardcoal,Hardcoal,2030,0.47706555017935215
FinalEnergyConsumption,Dakar,HLI_Hardcoal,Hardcoal,2035,0.2436613904921737
FinalEnergyConsumption,Dakar,HLI_Hardcoal,Hardcoal,2040,0.01105295240927972
FinalEnergyConsumption,Dakar,HLI_Hardcoal,Hardcoal,2045,0.011034013146272566
FinalEnergyConsumption,Dakar,HLI_Hardcoal,Hardcoal,2050,0.011015073891617651
FinalEnergyConsumption,Dakar,P_Coal_Hardcoal,Hardcoal,2022,0.7569993943247838
FinalEnergyConsumption,Dakar,P_Coal_Hardcoal,Hardcoal,2025,0.0911785242619929
FinalEnergyConsumption,Dakar,P_Coal_Hardcoal,Hardcoal,2030,0.33751088555664016
FinalEnergyConsumption,Dakar,P_Coal_Hardcoal,Hardcoal,2035,0.3363067465255627
FinalEnergyConsumption,Dakar,P_Coal_Hardcoal,Hardcoal,2040,0.32836358823720824
FinalEnergyConsumption,Dakar,P_Coal_Hardcoal,Hardcoal,2045,0.3272067073513796
FinalEnergyConsumption,Dakar,P_Coal_Hardcoal,Hardcoal,2050,0.326049826628943
FinalEnergyConsumption,Dakar,HMI_HardCoal,Hardcoal,2022,1.4753764749999998
FinalEnergyConsumption,Dakar,HMI_HardCoal,Hardcoal,2025,1.9149736715749994
FinalEnergyConsumption,Dakar,HMI_HardCoal,Hardcoal,2030,3.15489265486949
FinalEnergyConsumption,Dakar,HMI_HardCoal,Hardcoal,2035,4.628313405530482
FinalEnergyConsumption,Dakar,HMI_HardCoal,Hardcoal,2040,6.789985303854427
FinalEnergyConsumption,Dakar,HMI_HardCoal,Hardcoal,2045,9.96127493806516
FinalEnergyConsumption,Dakar,HMI_HardCoal,Hardcoal,2050,14.604717783706596
FinalEnergyConsumption,Dakar,HLI_Biomass,Biomass,2022,0.03472222222222279
FinalEnergyConsumption,Dakar,HLI_Biomass,Biomass,2025,0.034766666675999876
FinalEnergyConsumption,Dakar,HLI_Biomass,Biomass,2030,0.03560330624129429
FinalEnergyConsumption,Dakar,HLI_Biomass,Biomass,2035,0.03646200723379835
FinalEnergyConsumption,Dakar,HLI_Biomass,Biomass,2040,0.03733989449542301
FinalEnergyConsumption,Dakar,HLI_Biomass,Biomass,2045,0.03715828022116077
FinalEnergyConsumption,Dakar,HLI_Biomass,Biomass,2050,0.036976665946898496
FinalEnergyConsumption,Dakar,HMI_Biomass,Biomass,2022,0.0754147812777778
FinalEnergyConsumption,Dakar,HMI_Biomass,Biomass,2025,0.09418853696000028
FinalEnergyConsumption,Dakar,HMI_Biomass,Biomass,2030,0.09631254978177778
FinalEnergyConsumption,Dakar,HMI_Biomass,Biomass,2035,0.09847347240126662
FinalEnergyConsumption,Dakar,HMI_Biomass,Biomass,2040,0.10068098657985823
FinalEnergyConsumption,Dakar,HMI_Biomass,Biomass,2045,0.08822925527875614
FinalEnergyConsumption,Dakar,HMI_Biomass,Biomass,2050,0.06442792635575328
FinalEnergyConsumption,Dakar,FRT_Rail_Electric,Power,2030,0.0018575376672776479
FinalEnergyConsumption,Dakar,FRT_Rail_Electric,Power,2035,0.0033986632825358416
FinalEnergyConsumption,Dakar,FRT_Rail_Electric,Power,2040,0.005520802357171647
FinalEnergyConsumption,Dakar,FRT_Rail_Electric,Power,2045,0.008158370117319944
FinalEnergyConsumption,Dakar,FRT_Rail_Electric,Power,2050,0.011666310055843872
FinalEnergyConsumption,Dakar,FRT_Road_BEV,Power,2030,0.10880021498021666
FinalEnergyConsumption,Dakar,FRT_Road_BEV,Power,2035,0.20571837198882592
FinalEnergyConsumption,Dakar,FRT_Road_BEV,Power,2040,0.34573115769101015
FinalEnergyConsumption,Dakar,FRT_Road_BEV,Power,2045,0.5291085578358389
FinalEnergyConsumption,Dakar,FRT_Road_BEV,Power,2050,0.784390597044572
FinalEnergyConsumption,Dakar,HHI_Scrap_EAF,Power,2030,0.022603347300876705
FinalEnergyConsumption,Dakar,HHI_Scrap_EAF,Power,2035,0.023574582323181676
FinalEnergyConsumption,Dakar,HHI_Scrap_EAF,Power,2040,0.02459657656397102
FinalEnergyConsumption,Dakar,HHI_Scrap_EAF,Power,2045,0.02566826753973802
FinalEnergyConsumption,Dakar,HHI_Scrap_EAF,Power,2050,0.026797890036043975
FinalEnergyConsumption,Dakar,HLI_Direct_Electric,Power,2025,0.0995523132428742
FinalEnergyConsumption,Dakar,HLI_Direct_Electric,Power,2030,0.15877222742805314
FinalEnergyConsumption,Dakar,HLI_Direct_Electric,Power,2035,0.2461816670316831
FinalEnergyConsumption,Dakar,HLI_Direct_Electric,Power,2040,0.375015573143016
FinalEnergyConsumption,Dakar,HLI_Direct_Electric,Power,2045,0.5655674490264333
FinalEnergyConsumption,Dakar,HLI_Direct_Electric,Power,2050,0.8456420684282866
FinalEnergyConsumption,Dakar,HMI_Steam_Electric,Power,2030,0.03177203277230772
FinalEnergyConsumption,Dakar,HMI_Steam_Electric,Power,2035,0.079340474775014
FinalEnergyConsumption,Dakar,HMI_Steam_Electric,Power,2040,0.1501413443610302
FinalEnergyConsumption,Dakar,HMI_Steam_Electric,Power,2045,0.26661015549046474
FinalEnergyConsumption,Dakar,HMI_Steam_Electric,Power,2050,0.4423797504807766
FinalEnergyConsumption,Dakar,PSNG_Rail_Electric,Power,2022,0.0029072988793798237
FinalEnergyConsumption,Dakar,PSNG_Rail_Electric,Power,2025,0.017070023095625005
FinalEnergyConsumption,Dakar,PSNG_Rail_Electric,Power,2030,0.050150485194203065
FinalEnergyConsumption,Dakar,PSNG_Rail_Electric,Power,2035,0.09491898429498843
FinalEnergyConsumption,Dakar,PSNG_Rail_Electric,Power,2040,0.1424409224611378
FinalEnergyConsumption,Dakar,PSNG_Rail_Electric,Power,2045,0.20553618578692906
FinalEnergyConsumption,Dakar,PSNG_Rail_Electric,Power,2050,0.1762485191594222
FinalEnergyConsumption,Dakar,PSNG_Road_BEV,Power,2025,0.024370740761749905
FinalEnergyConsumption,Dakar,PSNG_Road_BEV,Power,2030,0.18082511927569891
FinalEnergyConsumption,Dakar,PSNG_Road_BEV,Power,2035,0.24168164235251713
FinalEnergyConsumption,Dakar,PSNG_Road_BEV,Power,2040,0.3502443298778683
FinalEnergyConsumption,Dakar,PSNG_Road_BEV,Power,2045,0.5561863914961679
FinalEnergyConsumption,Dakar,PSNG_Road_BEV,Power,2050,0.8491974066062781
FinalEnergyConsumption,Dakar,PSNG_Road_PHEV,Power,2050,0.008941268102416959
FinalEnergyConsumption,Dakar,HLI_Gas_Boiler,Gas_Bio,2025,0.00017554624177625364
FinalEnergyConsumption,Dakar,P_Gas_CCGT,Gas_Bio,2025,0.00340277777777778
FinalEnergyConsumption,Dakar,P_Gas_OCGT,Gas_Bio,2025,0.05475500931377934
FinalEnergyConsumption,Dakar,P_Gas_OCGT,Gas_Bio,2030,0.08750000000000017
FinalEnergyConsumption,Diourbel,HLI_Oil_Boiler,Oil,2022,0.04901960783333335
FinalEnergyConsumption,Diourbel,HLI_Oil_Boiler,Oil,2025,0.04894957983333331
FinalEnergyConsumption,Diourbel,HLI_Oil_Boiler,Oil,2030,0.014351845571353272
FinalEnergyConsumption,Diourbel,HLI_Oil_Boiler,Oil,2035,0.005981695586958985
FinalEnergyConsumption,Diourbel,HMI_Oil,Oil,2022,0.2096587622500002
FinalEnergyConsumption,Diourbel,HMI_Oil,Oil,2025,0.2088524883749999
FinalEnergyConsumption,Diourbel,FRT_Rail_Conv,Oil,2022,0.004863108840075766
FinalEnergyConsumption,Diourbel,FRT_Rail_Conv,Oil,2025,0.0076215973238416695
FinalEnergyConsumption,Diourbel,FRT_Rail_Conv,Oil,2030,0.008878178932432134
FinalEnergyConsumption,Diourbel,FRT_Rail_Conv,Oil,2035,0.010699154204941717
FinalEnergyConsumption,Diourbel,FRT_Rail_Conv,Oil,2040,0.012870940817442389
FinalEnergyConsumption,Diourbel,FRT_Rail_Conv,Oil,2045,0.015548698368980549
FinalEnergyConsumption,Diourbel,FRT_Rail_Conv,Oil,2050,0.018755940099820005
FinalEnergyConsumption,Diourbel,FRT_Road_ICE,Oil,2022,0.36780481718286645
FinalEnergyConsumption,Diourbel,FRT_Road_ICE,Oil,2025,0.4060513579826148
FinalEnergyConsumption,Diourbel,FRT_Road_ICE,Oil,2030,0.4750795407700928
FinalEnergyConsumption,Diourbel,FRT_Road_ICE,Oil,2035,0.5751100352794639
FinalEnergyConsumption,Diourbel,FRT_Road_ICE,Oil,2040,0.6950632059829908
FinalEnergyConsumption,Diourbel,FRT_Road_ICE,Oil,2045,0.843676444287963
FinalEnergyConsumption,Diourbel,FRT_Road_ICE,Oil,2050,1.0226946704282143
FinalEnergyConsumption,Diourbel,PSNG_Rail_Conv,Oil,2025,0.0019416203680861113
FinalEnergyConsumption,Diourbel,PSNG_Rail_Conv,Oil,2030,0.013892123434310615
FinalEnergyConsumption,Diourbel,PSNG_Rail_Conv,Oil,2035,0.03181328776499963
FinalEnergyConsumption,Diourbel,PSNG_Rail_Conv,Oil,2040,0.08209993645838272
FinalEnergyConsumption,Diourbel,PSNG_Rail_Conv,Oil,2045,0.12882795047331413
FinalEnergyConsumption,Diourbel,PSNG_Rail_Conv,Oil,2050,0.2090444444444443
FinalEnergyConsumption,Diourbel,PSNG_Road_ICE,Oil,2022,0.7640666389727544
FinalEnergyConsumption,Diourbel,PSNG_Road_ICE,Oil,2025,0.7892344164405247
FinalEnergyConsumption,Diourbel,PSNG_Road_ICE,Oil,2030,0.7865962960425557
FinalEnergyConsumption,Diourbel,PSNG_Road_ICE,Oil,2035,0.8599681484446886
FinalEnergyConsumption,Diourbel,PSNG_Road_ICE,Oil,2040,0.9361899999999992
FinalEnergyConsumption,Diourbel,PSNG_Road_ICE,Oil,2045,1.0757011115110002
FinalEnergyConsumption,Diourbel,PSNG_Road_ICE,Oil,2050,1.1835114596399874
FinalEnergyConsumption,Diourbel,PSNG_Road_PHEV,Oil,2050,0.006526726704026833
FinalEnergyConsumption,Diourbel,HLI_Gas_Boiler,Gas_Natural,2030,0.20632252009787755
FinalEnergyConsumption,Diourbel,HLI_Gas_Boiler,Gas_Natural,2035,0.5566977746696926
FinalEnergyConsumption,Diourbel,HLI_Gas_Boiler,Gas_Natural,2040,0.9238468125016668
FinalEnergyConsumption,Diourbel,HLI_Gas_Boiler,Gas_Natural,2045,1.3570336351149979
FinalEnergyConsumption,Diourbel,HLI_Gas_Boiler,Gas_Natural,2050,1.9935972545104157
FinalEnergyConsumption,Diourbel,HHI_BF_BOF,Hardcoal,2025,0.09554404004700011
FinalEnergyConsumption,Diourbel,HHI_BF_BOF,Hardcoal,2030,0.09407978011444595
FinalEnergyConsumption,Diourbel,HHI_BF_BOF,Hardcoal,2035,0.09959175972380324
FinalEnergyConsumption,Diourbel,HHI_BF_BOF,Hardcoal,2040,0.10546907358869714
FinalEnergyConsumption,Diourbel,HHI_BF_BOF,Hardcoal,2045,0.11168515432790987
FinalEnergyConsumption,Diourbel,HHI_BF_BOF,Hardcoal,2050,0.11821411598257615
FinalEnergyConsumption,Diourbel,HLI_Hardcoal,Hardcoal,2022,0.22222222216666665
FinalEnergyConsumption,Diourbel,HLI_Hardcoal,Hardcoal,2025,0.23942857139999893
FinalEnergyConsumption,Diourbel,HLI_Hardcoal,Hardcoal,2030,0.15934693871999883
FinalEnergyConsumption,Diourbel,HLI_Hardcoal,Hardcoal,2035,0.07953741497999946
FinalEnergyConsumption,Diourbel,HMI_HardCoal,Hardcoal,2022,0.2754036086666667
FinalEnergyConsumption,Diourbel,HMI_HardCoal,Hardcoal,2025,0.391939909425
FinalEnergyConsumption,Diourbel,HMI_HardCoal,Hardcoal,2030,0.8341386729582292
FinalEnergyConsumption,Diourbel,HMI_HardCoal,Hardcoal,2035,1.2236974748417337
FinalEnergyConsumption,Diourbel,HMI_HardCoal,Hardcoal,2040,1.7949919833699282
FinalEnergyConsumption,Diourbel,HMI_HardCoal,Hardcoal,2045,2.6333482832348465
FinalEnergyConsumption,Diourbel,HMI_HardCoal,Hardcoal,2050,3.8633135828016387
FinalEnergyConsumption,Diourbel,HLI_Biomass,Biomass,2022,0.08680555555555555
FinalEnergyConsumption,Diourbel,HLI_Biomass,Biomass,2025,0.0869166666900001
FinalEnergyConsumption,Diourbel,HLI_Biomass,Biomass,2030,0.08899888890946661
FinalEnergyConsumption,Diourbel,HLI_Biomass,Biomass,2035,0.09115746761024185
FinalEnergyConsumption,Diourbel,HLI_Biomass,Biomass,2040,0.09335144260712182
FinalEnergyConsumption,Diourbel,HLI_Biomass,Biomass,2045,0.09289739862200867
FinalEnergyConsumption,Diourbel,HLI_Biomass,Biomass,2050,0.09244335463689408
FinalEnergyConsumption,Diourbel,HMI_Biomass,Biomass,2022,0.16968325787499974
FinalEnergyConsumption,Diourbel,HMI_Biomass,Biomass,2025,0.2119242081600002
FinalEnergyConsumption,Diourbel,HMI_Biomass,Biomass,2030,0.21672573526865643
FinalEnergyConsumption,Diourbel,HMI_Biomass,Biomass,2035,0.306079586055208
FinalEnergyConsumption,Diourbel,HMI_Biomass,Biomass,2040,0.31289955833249167
FinalEnergyConsumption,Diourbel,HMI_Biomass,Biomass,2045,0.27420148156952173
FinalEnergyConsumption,Diourbel,HMI_Biomass,Biomass,2050,0.20023627252818332
FinalEnergyConsumption,Diourbel,FRT_Rail_Electric,Power,2030,0.0003675802889859335
FinalEnergyConsumption,Diourbel,FRT_Rail_Electric,Power,2035,0.0006724698657236856
FinalEnergyConsumption,Diourbel,FRT_Rail_Electric,Power,2040,0.0010923475095623934
FinalEnergyConsumption,Diourbel,FRT_Rail_Electric,Power,2045,0.001614165488178945
FinalEnergyConsumption,Diourbel,FRT_Rail_Electric,Power,2050,0.002308337824005888
FinalEnergyConsumption,Diourbel,FRT_Road_BEV,Power,2030,0.03364980755791247
FinalEnergyConsumption,Diourbel,FRT_Road_BEV,Power,2035,0.06362384758811811
FinalEnergyConsumption,Diourbel,FRT_Road_BEV,Power,2040,0.10692230851526283
FinalEnergyConsumption,Diourbel,FRT_Road_BEV,Power,2045,0.16362986061757698
FinalEnergyConsumption,Diourbel,FRT_Road_BEV,Power,2050,0.242589896569097
FinalEnergyConsumption,Diourbel,HHI_Scrap_EAF,Power,2030,0.00476075705179937
FinalEnergyConsumption,Diourbel,HHI_Scrap_EAF,Power,2035,0.004963903923032085
FinalEnergyConsumption,Diourbel,HHI_Scrap_EAF,Power,2040,0.005179643090183183
FinalEnergyConsumption,Diourbel,HHI_Scrap_EAF,Power,2045,0.0054066156826348705
FinalEnergyConsumption,Diourbel,HHI_Scrap_EAF,Power,2050,0.005643694086770494
FinalEnergyConsumption,Diourbel,HLI_Direct_Electric,Power,2025,0.017670875425000013
FinalEnergyConsumption,Diourbel,HLI_Direct_Electric,Power,2030,0.057127830714777755
FinalEnergyConsumption,Diourbel,HLI_Direct_Electric,Power,2035,0.11603842346162878
FinalEnergyConsumption,Diourbel,HLI_Direct_Electric,Power,2040,0.20353071758529356
FinalEnergyConsumption,Diourbel,HLI_Direct_Electric,Power,2045,0.3352570087317254
FinalEnergyConsumption,Diourbel,HLI_Direct_Electric,Power,2050,0.5289049970979453
FinalEnergyConsumption,Diourbel,HMI_Steam_Electric,Power,2030,0.0714944955684375
FinalEnergyConsumption,Diourbel,HMI_Steam_Electric,Power,2035,0.11312734357607114
FinalEnergyConsumption,Diourbel,HMI_Steam_Electric,Power,2040,0.2705598495604397
FinalEnergyConsumption,Diourbel,HMI_Steam_Electric,Power,2045,0.5405821016262097
FinalEnergyConsumption,Diourbel,HMI_Steam_Electric,Power,2050,0.9518124001559078
FinalEnergyConsumption,Diourbel,D_Battery_Li-Ion,Power,2045,0.007793659572929379
FinalEnergyConsumption,Diourbel,D_Battery_Li-Ion,Power,2050,0.004397690419471773
FinalEnergyConsumption,Diourbel,PSNG_Road_BEV,Power,2030,0.03129150108750211
FinalEnergyConsumption,Diourbel,PSNG_Road_BEV,Power,2035,0.05939369521268921
FinalEnergyConsumption,Diourbel,PSNG_Road_BEV,Power,2040,0.06417817686066812
FinalEnergyConsumption,Diourbel,PSNG_Road_BEV,Power,2045,0.10638475749563503
FinalEnergyConsumption,Diourbel,PSNG_Road_BEV,Power,2050,0.156957536888964
FinalEnergyConsumption,Diourbel,PSNG_Road_PHEV,Power,2050,0.002991416583865601
FinalEnergyConsumption,Diourbel,HLI_Gas_Boiler,Gas_Bio,2025,0.04532716049166759
FinalEnergyConsumption,Diourbel,HLI_Gas_Boiler,Gas_Bio,2030,0.07500000000000012
FinalEnergyConsumption,Thies,P_Oil,Oil,2022,1.5879460978418611
FinalEnergyConsumption,Thies,P_Oil,Oil,2025,0.19155706911644432
FinalEnergyConsumption,Thies,P_Oil,Oil,2030,0.7235947011111118
FinalEnergyConsumption,Thies,P_Oil,Oil,2035,0.7205115963888865
FinalEnergyConsumption,Thies,P_Oil,Oil,2040,0.717428491944446
FinalEnergyConsumption,Thies,P_Oil,Oil,2045,0.7143453872222217
FinalEnergyConsumption,Thies,P_Oil,Oil,2050,1.605362049719486
FinalEnergyConsumption,Thies,HLI_Oil_Boiler,Oil,2022,0.07352941175
FinalEnergyConsumption,Thies,HLI_Oil_Boiler,Oil,2025,0.07342436974999998
FinalEnergyConsumption,Thies,HLI_Oil_Boiler,Oil,2030,0.005296174061079468
FinalEnergyConsumption,Thies,HLI_Oil_Boiler,Oil,2035,0.007766711330120445
FinalEnergyConsumption,Thies,HMI_Oil,Oil,2022,0.2795450163333319
FinalEnergyConsumption,Thies,HMI_Oil,Oil,2025,0.27846998449999927
FinalEnergyConsumption,Thies,FRT_Rail_Conv,Oil,2022,0.00478234216294778
FinalEnergyConsumption,Thies,FRT_Rail_Conv,Oil,2025,0.0080308091628125
FinalEnergyConsumption,Thies,FRT_Rail_Conv,Oil,2030,0.009353697736984003
FinalEnergyConsumption,Thies,FRT_Rail_Conv,Oil,2035,0.011273363414281333
FinalEnergyConsumption,Thies,FRT_Rail_Conv,Oil,2040,0.013560194027152661
FinalEnergyConsumption,Thies,FRT_Rail_Conv,Oil,2045,0.016382118105611913
FinalEnergyConsumption,Thies,FRT_Rail_Conv,Oil,2050,0.0197611514496
FinalEnergyConsumption,Thies,FRT_Road_ICE,Oil,2022,0.17132982738686117
FinalEnergyConsumption,Thies,FRT_Road_ICE,Oil,2025,0.18248914293014573
FinalEnergyConsumption,Thies,FRT_Road_ICE,Oil,2030,0.2134855694043479
FinalEnergyConsumption,Thies,FRT_Road_ICE,Oil,2035,0.25846263305809325
FinalEnergyConsumption,Thies,FRT_Road_ICE,Oil,2040,0.3123364484622903
FinalEnergyConsumption,Thies,FRT_Road_ICE,Oil,2045,0.37913571351224573
FinalEnergyConsumption,Thies,FRT_Road_ICE,Oil,2050,0.45958110008917336
FinalEnergyConsumption,Thies,PSNG_Air_Conv,Oil,2030,0.018689934647266662
FinalEnergyConsumption,Thies,PSNG_Air_Conv,Oil,2035,0.024427516348683332
FinalEnergyConsumption,Thies,PSNG_Air_Conv,Oil,2040,0.03192441177622499
FinalEnergyConsumption,Thies,PSNG_Air_Conv,Oil,2045,0.04172584968825835
FinalEnergyConsumption,Thies,PSNG_Air_Conv,Oil,2050,0.05453238564059168
FinalEnergyConsumption,Thies,PSNG_Rail_Conv,Oil,2025,0.005325486104845831
FinalEnergyConsumption,Thies,PSNG_Rail_Conv,Oil,2030,0.010399931861721801
FinalEnergyConsumption,Thies,PSNG_Rail_Conv,Oil,2035,0.03381060401702388
FinalEnergyConsumption,Thies,PSNG_Rail_Conv,Oil,2040,0.10125002844314607
FinalEnergyConsumption,Thies,PSNG_Rail_Conv,Oil,2045,0.1737886595677963
FinalEnergyConsumption,Thies,PSNG_Rail_Conv,Oil,2050,0.35839583333333336
FinalEnergyConsumption,Thies,PSNG_Road_ICE,Oil,2022,1.3972683691837746
FinalEnergyConsumption,Thies,PSNG_Road_ICE,Oil,2025,1.4358554764404319
FinalEnergyConsumption,Thies,PSNG_Road_ICE,Oil,2030,1.3708199995577992
FinalEnergyConsumption,Thies,PSNG_Road_ICE,Oil,2035,1.4898266671804006
FinalEnergyConsumption,Thies,PSNG_Road_ICE,Oil,2040,1.6113600000000012
FinalEnergyConsumption,Thies,PSNG_Road_ICE,Oil,2045,1.835994741423267
FinalEnergyConsumption,Thies,PSNG_Road_ICE,Oil,2050,1.996846419501162
FinalEnergyConsumption,Thies,PSNG_Road_PHEV,Oil,2050,0.008892815548928037
FinalEnergyConsumption,Thies,HLI_Gas_Boiler,Gas_Natural,2025,7.187414839217712e-5
FinalEnergyConsumption,Thies,HLI_Gas_Boiler,Gas_Natural,2030,0.44655949684676943
FinalEnergyConsumption,Thies,HLI_Gas_Boiler,Gas_Natural,2035,1.084013917188394
FinalEnergyConsumption,Thies,HLI_Gas_Boiler,Gas_Natural,2040,1.855249788900077
FinalEnergyConsumption,Thies,HLI_Gas_Boiler,Gas_Natural,2045,2.725559841288462
FinalEnergyConsumption,Thies,HLI_Gas_Boiler,Gas_Natural,2050,4.003736890742803
FinalEnergyConsumption,Thies,P_Gas_CCGT,Gas_Natural,2025,1.3195541754744087
FinalEnergyConsumption,Thies,P_Gas_CCGT,Gas_Natural,2030,0.0848971893905198
FinalEnergyConsumption,Thies,P_Gas_CCGT,Gas_Natural,2035,0.007108712188825776
FinalEnergyConsumption,Thies,P_Gas_CCGT,Gas_Natural,2040,0.6742830671014026
FinalEnergyConsumption,Thies,P_Gas_CCGT,Gas_Natural,2045,1.3333333333333217
FinalEnergyConsumption,Thies,P_Gas_CCGT,Gas_Natural,2050,1.3227513224999898
FinalEnergyConsumption,Thies,HHI_BF_BOF,Hardcoal,2025,0.4536667293500001
FinalEnergyConsumption,Thies,HHI_BF_BOF,Hardcoal,2030,0.4403956185865202
FinalEnergyConsumption,Thies,HHI_BF_BOF,Hardcoal,2035,0.4663926764448302
FinalEnergyConsumption,Thies,HHI_BF_BOF,Hardcoal,2040,0.4938154140977918
FinalEnergyConsumption,Thies,HHI_BF_BOF,Hardcoal,2045,0.5228144392609737
FinalEnergyConsumption,Thies,HHI_BF_BOF,Hardcoal,2050,0.5534227655064737
FinalEnergyConsumption,Thies,HLI_Hardcoal,Hardcoal,2022,0.5731481480048617
FinalEnergyConsumption,Thies,HLI_Hardcoal,Hardcoal,2025,0.6178916706769039
FinalEnergyConsumption,Thies,HLI_Hardcoal,Hardcoal,2030,0.4112255509325175
FinalEnergyConsumption,Thies,HLI_Hardcoal,Hardcoal,2035,0.20526166086172543
FinalEnergyConsumption,Thies,P_Coal_Hardcoal,Hardcoal,2022,0.034644416725446624
FinalEnergyConsumption,Thies,P_Coal_Hardcoal,Hardcoal,2025,0.022390255846310988
FinalEnergyConsumption,Thies,P_Coal_Hardcoal,Hardcoal,2030,0.0828808662971333
FinalEnergyConsumption,Thies,P_Coal_Hardcoal,Hardcoal,2035,0.08258517187568278
FinalEnergyConsumption,Thies,P_Coal_Hardcoal,Hardcoal,2040,0.23645934963472368
FinalEnergyConsumption,Thies,P_Coal_Hardcoal,Hardcoal,2045,0.08035052060258319
FinalEnergyConsumption,Thies,P_Coal_Hardcoal,Hardcoal,2050,0.0800664311684902
FinalEnergyConsumption,Thies,HMI_HardCoal,Hardcoal,2022,1.2884954548333363
FinalEnergyConsumption,Thies,HMI_HardCoal,Hardcoal,2025,1.6801628249375014
FinalEnergyConsumption,Thies,HMI_HardCoal,Hardcoal,2030,2.8102830368768625
FinalEnergyConsumption,Thies,HMI_HardCoal,Hardcoal,2035,4.122871964107969
FinalEnergyConsumption,Thies,HMI_HardCoal,Hardcoal,2040,6.048475888645582
FinalEnergyConsumption,Thies,HMI_HardCoal,Hardcoal,2045,8.873615803570425
FinalEnergyConsumption,Thies,HMI_HardCoal,Hardcoal,2050,13.017742404971557
FinalEnergyConsumption,Thies,HLI_Biomass,Biomass,2022,0.056423611111111056
FinalEnergyConsumption,Thies,HLI_Biomass,Biomass,2025,0.05649351614111108
FinalEnergyConsumption,Thies,HLI_Biomass,Biomass,2030,0.05785541201452533
FinalEnergyConsumption,Thies,HLI_Biomass,Biomass,2035,0.059252297719386594
FinalEnergyConsumption,Thies,HLI_Biomass,Biomass,2040,0.060672131553131496
FinalEnergyConsumption,Thies,HLI_Biomass,Biomass,2045,0.06037703363470226
FinalEnergyConsumption,Thies,HLI_Biomass,Biomass,2050,0.060081935716273155
FinalEnergyConsumption,Thies,HMI_Biomass,Biomass,2022,0.14140271489583292
FinalEnergyConsumption,Thies,HMI_Biomass,Biomass,2025,0.17660350680000014
FinalEnergyConsumption,Thies,HMI_Biomass,Biomass,2030,0.18057897256329394
FinalEnergyConsumption,Thies,HMI_Biomass,Biomass,2035,0.26067973818227297
FinalEnergyConsumption,Thies,HMI_Biomass,Biomass,2040,0.2665235057685041
FinalEnergyConsumption,Thies,HMI_Biomass,Biomass,2045,0.23356579550728676
FinalEnergyConsumption,Thies,HMI_Biomass,Biomass,2050,0.17055544594373231
FinalEnergyConsumption,Thies,FRT_Rail_Electric,Power,2030,0.0003872680358679999
FinalEnergyConsumption,Thies,FRT_Rail_Electric,Power,2035,0.0007085604185380016
FinalEnergyConsumption,Thies,FRT_Rail_Electric,Power,2040,0.0011508439347860018
FinalEnergyConsumption,Thies,FRT_Rail_Electric,Power,2045,0.0017006857449948767
FinalEnergyConsumption,Thies,FRT_Rail_Electric,Power,2050,0.0024320515577600003
FinalEnergyConsumption,Thies,FRT_Road_BEV,Power,2030,0.015121148587461783
FinalEnergyConsumption,Thies,FRT_Road_BEV,Power,2035,0.028593462405713307
FinalEnergyConsumption,Thies,FRT_Road_BEV,Power,2040,0.04804704639172587
FinalEnergyConsumption,Thies,FRT_Road_BEV,Power,2045,0.0735328387762592
FinalEnergyConsumption,Thies,FRT_Road_BEV,Power,2050,0.10901565712576004
FinalEnergyConsumption,Thies,HHI_Scrap_EAF,Power,2030,0.02690589625992634
FinalEnergyConsumption,Thies,HHI_Scrap_EAF,Power,2035,0.02806573571419187
FinalEnergyConsumption,Thies,HHI_Scrap_EAF,Power,2040,0.029279529519267142
FinalEnergyConsumption,Thies,HHI_Scrap_EAF,Power,2045,0.03055641310370185
FinalEnergyConsumption,Thies,HHI_Scrap_EAF,Power,2050,0.03189891376063253
FinalEnergyConsumption,Thies,HLI_Direct_Electric,Power,2025,0.10556472718613644
FinalEnergyConsumption,Thies,HLI_Direct_Electric,Power,2030,0.1754058099896039
FinalEnergyConsumption,Thies,HLI_Direct_Electric,Power,2035,0.27865164860200436
FinalEnergyConsumption,Thies,HLI_Direct_Electric,Power,2040,0.43093676424293875
FinalEnergyConsumption,Thies,HLI_Direct_Electric,Power,2045,0.6568848630886651
FinalEnergyConsumption,Thies,HLI_Direct_Electric,Power,2050,0.9888649034614605
FinalEnergyConsumption,Thies,HMI_Steam_Electric,Power,2030,0.05957023303058834
FinalEnergyConsumption,Thies,HMI_Steam_Electric,Power,2035,0.08989510101425634
FinalEnergyConsumption,Thies,HMI_Steam_Electric,Power,2040,0.2209807884285259
FinalEnergyConsumption,Thies,HMI_Steam_Electric,Power,2045,0.4465461145178163
FinalEnergyConsumption,Thies,HMI_Steam_Electric,Power,2050,0.7902732688047711
FinalEnergyConsumption,Thies,PSNG_Rail_Electric,Power,2030,0.01218979260489336
FinalEnergyConsumption,Thies,PSNG_Rail_Electric,Power,2035,0.020966122121922108
FinalEnergyConsumption,Thies,PSNG_Rail_Electric,Power,2040,0.02706265284414465
FinalEnergyConsumption,Thies,PSNG_Rail_Electric,Power,2045,0.03353985508448143
FinalEnergyConsumption,Thies,PSNG_Rail_Electric,Power,2050,0.02190196767223612
FinalEnergyConsumption,Thies,PSNG_Road_BEV,Power,2030,0.05393207044417378
FinalEnergyConsumption,Thies,PSNG_Road_BEV,Power,2035,0.0915004404362961
FinalEnergyConsumption,Thies,PSNG_Road_BEV,Power,2040,0.1161798389882786
FinalEnergyConsumption,Thies,PSNG_Road_BEV,Power,2045,0.19416932588752495
FinalEnergyConsumption,Thies,PSNG_Road_BEV,Power,2050,0.2870352404699529
FinalEnergyConsumption,Thies,PSNG_Road_PHEV,Power,2050,0.004075874035587907
FinalEnergyConsumption,Thies,HLI_Gas_Boiler,Gas_Bio,2025,0.00010062380774904796
FinalEnergyConsumption,Thies,HLI_Gas_Boiler,Gas_Bio,2030,0.06459252988147526
FinalEnergyConsumption,Thies,P_Gas_CCGT,Gas_Bio,2025,0.04656604285891771
FinalEnergyConsumption,Thies,P_Gas_CCGT,Gas_Bio,2030,0.005407470118524661
FinalEnergyConsumption,LS,HLI_Oil_Boiler,Oil,2022,0.06209150325555557
FinalEnergyConsumption,LS,HLI_Oil_Boiler,Oil,2025,0.062002801122222236
FinalEnergyConsumption,LS,HLI_Oil_Boiler,Oil,2030,0.01413001887185314
FinalEnergyConsumption,LS,HLI_Oil_Boiler,Oil,2035,0.006101962091259213
FinalEnergyConsumption,LS,HMI_Oil,Oil,2022,0.25159051470000066
FinalEnergyConsumption,LS,HMI_Oil,Oil,2025,0.2506229860499996
FinalEnergyConsumption,LS,FRT_Rail_Conv,Oil,2022,0.0038155292298393674
FinalEnergyConsumption,LS,FRT_Rail_Conv,Oil,2025,0.0059798145341375016
FinalEnergyConsumption,LS,FRT_Rail_Conv,Oil,2030,0.00693811767905199
FinalEnergyConsumption,LS,FRT_Rail_Conv,Oil,2035,0.008341776741396278
FinalEnergyConsumption,LS,FRT_Rail_Conv,Oil,2040,0.010012028672514285
FinalEnergyConsumption,LS,FRT_Rail_Conv,Oil,2045,0.012067738949261294
FinalEnergyConsumption,LS,FRT_Rail_Conv,Oil,2050,0.01452224172369316
FinalEnergyConsumption,LS,FRT_Road_ICE,Oil,2022,0.27338652989018275
FinalEnergyConsumption,LS,FRT_Road_ICE,Oil,2025,0.30145494030145986
FinalEnergyConsumption,LS,FRT_Road_ICE,Oil,2030,0.35130520207580146
FinalEnergyConsumption,LS,FRT_Road_ICE,Oil,2035,0.42428821951689816
FinalEnergyConsumption,LS,FRT_Road_ICE,Oil,2040,0.5116081660671287
FinalEnergyConsumption,LS,FRT_Road_ICE,Oil,2045,0.6195907698518426
FinalEnergyConsumption,LS,FRT_Road_ICE,Oil,2050,0.7492761003284596
FinalEnergyConsumption,LS,FRT_Ship_Conv,Oil,2022,0.0024713772628462915
FinalEnergyConsumption,LS,FRT_Ship_Conv,Oil,2025,0.002756133445195833
FinalEnergyConsumption,LS,FRT_Ship_Conv,Oil,2030,0.0034453965455166664
FinalEnergyConsumption,LS,FRT_Ship_Conv,Oil,2035,0.0043052795775166686
FinalEnergyConsumption,LS,FRT_Ship_Conv,Oil,2040,0.005379356355594446
FinalEnergyConsumption,LS,FRT_Ship_Conv,Oil,2045,0.006718730876619441
FinalEnergyConsumption,LS,FRT_Ship_Conv,Oil,2050,0.008390168322322216
FinalEnergyConsumption,LS,PSNG_Air_Conv,Oil,2030,0.01570385621481667
FinalEnergyConsumption,LS,PSNG_Air_Conv,Oil,2035,0.020525326804791664
FinalEnergyConsumption,LS,PSNG_Air_Conv,Oil,2040,0.026823986937783338
FinalEnergyConsumption,LS,PSNG_Air_Conv,Oil,2045,0.03505947713683335
FinalEnergyConsumption,LS,PSNG_Air_Conv,Oil,2050,0.0458214052452917
FinalEnergyConsumption,LS,PSNG_Rail_Conv,Oil,2022,0.002645229024894804
FinalEnergyConsumption,LS,PSNG_Rail_Conv,Oil,2025,0.0044754861058458354
FinalEnergyConsumption,LS,PSNG_Rail_Conv,Oil,2030,0.008359826553513361
FinalEnergyConsumption,LS,PSNG_Rail_Conv,Oil,2035,0.02667080821971826
FinalEnergyConsumption,LS,PSNG_Rail_Conv,Oil,2040,0.08359216402388507
FinalEnergyConsumption,LS,PSNG_Rail_Conv,Oil,2045,0.1443257121268394
FinalEnergyConsumption,LS,PSNG_Rail_Conv,Oil,2050,0.30114583333333333
FinalEnergyConsumption,LS,PSNG_Road_ICE,Oil,2022,1.1623226001209201
FinalEnergyConsumption,LS,PSNG_Road_ICE,Oil,2025,1.2066788098394325
FinalEnergyConsumption,LS,PSNG_Road_ICE,Oil,2030,1.1518049996284496
FinalEnergyConsumption,LS,PSNG_Road_ICE,Oil,2035,1.2518333337649998
FinalEnergyConsumption,LS,PSNG_Road_ICE,Oil,2040,1.3539200000000005
FinalEnergyConsumption,LS,PSNG_Road_ICE,Oil,2045,1.5426651857586666
FinalEnergyConsumption,LS,PSNG_Road_ICE,Oil,2050,1.673039076353871
FinalEnergyConsumption,LS,PSNG_Road_PHEV,Oil,2050,0.011979682194981241
FinalEnergyConsumption,LS,HLI_Gas_Boiler,Gas_Natural,2025,0.0005464118316956434
FinalEnergyConsumption,LS,HLI_Gas_Boiler,Gas_Natural,2030,0.1593642018626488
FinalEnergyConsumption,LS,HLI_Gas_Boiler,Gas_Natural,2035,0.42711250956257024
FinalEnergyConsumption,LS,HLI_Gas_Boiler,Gas_Natural,2040,0.7173633787508982
FinalEnergyConsumption,LS,HLI_Gas_Boiler,Gas_Natural,2045,1.0539777298014807
FinalEnergyConsumption,LS,HLI_Gas_Boiler,Gas_Natural,2050,1.5482109640525503
FinalEnergyConsumption,LS,HMI_Gas,Gas_Natural,2025,7.408104853482808e-6
FinalEnergyConsumption,LS,HMI_Gas,Gas_Natural,2030,0.01280145888399711
FinalEnergyConsumption,LS,HMI_Gas,Gas_Natural,2035,0.03512165592517801
FinalEnergyConsumption,LS,HMI_Gas,Gas_Natural,2040,0.05159666304665668
FinalEnergyConsumption,LS,HMI_Gas,Gas_Natural,2045,0.07579297645676673
FinalEnergyConsumption,LS,HMI_Gas,Gas_Natural,2050,0.11134810202409265
FinalEnergyConsumption,LS,HHI_BF_BOF,Hardcoal,2025,0.08275611881699993
FinalEnergyConsumption,LS,HHI_BF_BOF,Hardcoal,2030,0.08142923534251029
FinalEnergyConsumption,LS,HHI_BF_BOF,Hardcoal,2035,0.08627574294814307
FinalEnergyConsumption,LS,HHI_BF_BOF,Hardcoal,2040,0.09135370168320815
FinalEnergyConsumption,LS,HHI_BF_BOF,Hardcoal,2045,0.09669721959916873
FinalEnergyConsumption,LS,HHI_BF_BOF,Hardcoal,2050,0.10233723588240135
FinalEnergyConsumption,LS,HLI_Hardcoal,Hardcoal,2022,0.1851851851388888
FinalEnergyConsumption,LS,HLI_Hardcoal,Hardcoal,2025,0.19952380949999832
FinalEnergyConsumption,LS,HLI_Hardcoal,Hardcoal,2030,0.13278911559999906
FinalEnergyConsumption,LS,HLI_Hardcoal,Hardcoal,2035,0.06628117914999974
FinalEnergyConsumption,LS,HLI_Biomass,Biomass,2022,0.06944444444444435
FinalEnergyConsumption,LS,HLI_Biomass,Biomass,2025,0.06950853102157292
FinalEnergyConsumption,LS,HLI_Biomass,Biomass,2030,0.07123021225117589
FinalEnergyConsumption,LS,HLI_Biomass,Biomass,2035,0.07291183105864413
FinalEnergyConsumption,LS,HLI_Biomass,Biomass,2040,0.07466710945814654
FinalEnergyConsumption,LS,HLI_Biomass,Biomass,2045,0.07430394258050153
FinalEnergyConsumption,LS,HLI_Biomass,Biomass,2050,0.07394077570285597
FinalEnergyConsumption,LS,HMI_Biomass,Biomass,2022,0.1885369531944444
FinalEnergyConsumption,LS,HMI_Biomass,Biomass,2025,0.2353994647008555
FinalEnergyConsumption,LS,HMI_Biomass,Biomass,2030,0.24073137832187558
FinalEnergyConsumption,LS,HMI_Biomass,Biomass,2035,0.5469714559784837
FinalEnergyConsumption,LS,HMI_Biomass,Biomass,2040,0.9466997896635799
FinalEnergyConsumption,LS,HMI_Biomass,Biomass,2045,0.8295227459998128
FinalEnergyConsumption,LS,HMI_Biomass,Biomass,2050,0.9592537702522167
FinalEnergyConsumption,LS,FRT_Rail_Electric,Power,2030,0.0003035846630738605
FinalEnergyConsumption,LS,FRT_Rail_Electric,Power,2035,0.0005553390766334435
FinalEnergyConsumption,LS,FRT_Rail_Electric,Power,2040,0.0009021867437482277
FinalEnergyConsumption,LS,FRT_Rail_Electric,Power,2045,0.001333061176806829
FinalEnergyConsumption,LS,FRT_Rail_Electric,Power,2050,0.0019064648818586081
FinalEnergyConsumption,LS,FRT_Road_BEV,Power,2030,0.026296645572369933
FinalEnergyConsumption,LS,FRT_Road_BEV,Power,2035,0.049715921160152866
FinalEnergyConsumption,LS,FRT_Road_BEV,Power,2040,0.08355916683808332
FinalEnergyConsumption,LS,FRT_Road_BEV,Power,2045,0.1278721968967042
FinalEnergyConsumption,LS,FRT_Road_BEV,Power,2050,0.18958189127685973
FinalEnergyConsumption,LS,HHI_Scrap_EAF,Power,2030,0.004170744549108929
FinalEnergyConsumption,LS,HHI_Scrap_EAF,Power,2035,0.0043525340506324894
FinalEnergyConsumption,LS,HHI_Scrap_EAF,Power,2040,0.004541029908230298
FinalEnergyConsumption,LS,HHI_Scrap_EAF,Power,2045,0.004738027165750567
FinalEnergyConsumption,LS,HHI_Scrap_EAF,Power,2050,0.004945171040581346
FinalEnergyConsumption,LS,HLI_Direct_Electric,Power,2025,0.05211700225667521
FinalEnergyConsumption,LS,HLI_Direct_Electric,Power,2030,0.10158566640969816
FinalEnergyConsumption,LS,HLI_Direct_Electric,Power,2035,0.17487754105119324
FinalEnergyConsumption,LS,HLI_Direct_Electric,Power,2040,0.28340690495238857
FinalEnergyConsumption,LS,HLI_Direct_Electric,Power,2045,0.4455201913218398
FinalEnergyConsumption,LS,HLI_Direct_Electric,Power,2050,0.6836419680074567
FinalEnergyConsumption,LS,HMI_Steam_Electric,Power,2030,0.34288602419428815
FinalEnergyConsumption,LS,HMI_Steam_Electric,Power,2035,0.35267439979662907
FinalEnergyConsumption,LS,HMI_Steam_Electric,Power,2040,0.4029786303096786
FinalEnergyConsumption,LS,HMI_Steam_Electric,Power,2045,1.0249237407711025
FinalEnergyConsumption,LS,HMI_Steam_Electric,Power,2050,1.7042294602213621
FinalEnergyConsumption,LS,PSNG_Rail_Electric,Power,2030,0.009999000589053187
FinalEnergyConsumption,LS,PSNG_Rail_Electric,Power,2035,0.01832639028048961
FinalEnergyConsumption,LS,PSNG_Rail_Electric,Power,2040,0.02335843963309699
FinalEnergyConsumption,LS,PSNG_Rail_Electric,Power,2045,0.029058505182971962
FinalEnergyConsumption,LS,PSNG_Rail_Electric,Power,2050,0.018403356548402784
FinalEnergyConsumption,LS,D_Battery_Li-Ion,Power,2040,0.03959949349993979
FinalEnergyConsumption,LS,D_Battery_Li-Ion,Power,2045,0.05997875868643277
FinalEnergyConsumption,LS,D_Battery_Li-Ion,Power,2050,0.0338439227398783
FinalEnergyConsumption,LS,PSNG_Road_BEV,Power,2030,0.046667474314726294
FinalEnergyConsumption,LS,PSNG_Road_BEV,Power,2035,0.07674138576469428
FinalEnergyConsumption,LS,PSNG_Road_BEV,Power,2040,0.09739259971501654
FinalEnergyConsumption,LS,PSNG_Road_BEV,Power,2045,0.1622351881417487
FinalEnergyConsumption,LS,PSNG_Road_BEV,Power,2050,0.24118435162431945
FinalEnergyConsumption,LS,PSNG_Road_PHEV,Power,2050,0.005490687999146075
FinalEnergyConsumption,LS,HLI_Gas_Boiler,Gas_Bio,2025,0.0005836770612636029
FinalEnergyConsumption,LS,HLI_Gas_Boiler,Gas_Bio,2030,0.04890110202990509
FinalEnergyConsumption,LS,HMI_Gas,Gas_Bio,2025,0.042749656272069676
FinalEnergyConsumption,LS,HMI_Gas,Gas_Bio,2030,0.011098897970094885
FinalEnergyConsumption,FKK,HLI_Oil_Boiler,Oil,2022,0.06862745096666661
FinalEnergyConsumption,FKK,HLI_Oil_Boiler,Oil,2025,0.06852941176666644
FinalEnergyConsumption,FKK,HLI_Oil_Boiler,Oil,2030,0.011268025965122424
FinalEnergyConsumption,FKK,HLI_Oil_Boiler,Oil,2035,0.006597599426286641
FinalEnergyConsumption,FKK,HMI_Oil,Oil,2022,0.2143178458555556
FinalEnergyConsumption,FKK,HMI_Oil,Oil,2025,0.21349365478333343
FinalEnergyConsumption,FKK,FRT_Rail_Conv,Oil,2022,0.0019017966338511125
FinalEnergyConsumption,FKK,FRT_Rail_Conv,Oil,2025,0.005322758083729167
FinalEnergyConsumption,FKK,FRT_Rail_Conv,Oil,2030,0.006147703580744872
FinalEnergyConsumption,FKK,FRT_Rail_Conv,Oil,2035,0.007373858096713282
FinalEnergyConsumption,FKK,FRT_Rail_Conv,Oil,2040,0.008826072694923302
FinalEnergyConsumption,FKK,FRT_Rail_Conv,Oil,2045,0.01061170872952688
FinalEnergyConsumption,FKK,FRT_Rail_Conv,Oil,2050,0.012733900382454684
FinalEnergyConsumption,FKK,FRT_Road_ICE,Oil,2022,0.33309381859867493
FinalEnergyConsumption,FKK,FRT_Road_ICE,Oil,2025,0.36285716956972086
FinalEnergyConsumption,FKK,FRT_Road_ICE,Oil,2030,0.4209402692694299
FinalEnergyConsumption,FKK,FRT_Road_ICE,Oil,2035,0.5071738077285326
FinalEnergyConsumption,FKK,FRT_Road_ICE,Oil,2040,0.6098849816753631
FinalEnergyConsumption,FKK,FRT_Road_ICE,Oil,2045,0.7367602377863495
FinalEnergyConsumption,FKK,FRT_Road_ICE,Oil,2050,0.8884465447555246
FinalEnergyConsumption,FKK,FRT_Ship_Conv,Oil,2022,0.00615911538915812
FinalEnergyConsumption,FKK,FRT_Ship_Conv,Oil,2025,0.006869217795336109
FinalEnergyConsumption,FKK,FRT_Ship_Conv,Oil,2030,0.008586028549366671
FinalEnergyConsumption,FKK,FRT_Ship_Conv,Oil,2035,0.010729999687333328
FinalEnergyConsumption,FKK,FRT_Ship_Conv,Oil,2040,0.013406791226497227
FinalEnergyConsumption,FKK,FRT_Ship_Conv,Oil,2045,0.01674530123046112
FinalEnergyConsumption,FKK,FRT_Ship_Conv,Oil,2050,0.020909138413822234
FinalEnergyConsumption,FKK,PSNG_Rail_Conv,Oil,2022,0.0015330181928943022
FinalEnergyConsumption,FKK,PSNG_Rail_Conv,Oil,2025,0.0034582407366722232
FinalEnergyConsumption,FKK,PSNG_Rail_Conv,Oil,2030,0.03423343832654104
FinalEnergyConsumption,FKK,PSNG_Rail_Conv,Oil,2035,0.06953379444398584
FinalEnergyConsumption,FKK,PSNG_Rail_Conv,Oil,2040,0.16078828337315004
FinalEnergyConsumption,FKK,PSNG_Rail_Conv,Oil,2045,0.24762670198983577
FinalEnergyConsumption,FKK,PSNG_Rail_Conv,Oil,2050,0.3955805555555556
FinalEnergyConsumption,FKK,PSNG_Road_ICE,Oil,2022,1.354030956577406
FinalEnergyConsumption,FKK,PSNG_Road_ICE,Oil,2025,1.4057138329305487
FinalEnergyConsumption,FKK,PSNG_Road_ICE,Oil,2030,1.3679783328920496
FinalEnergyConsumption,FKK,PSNG_Road_ICE,Oil,2035,1.491271296810528
FinalEnergyConsumption,FKK,PSNG_Road_ICE,Oil,2040,1.6183199999999995
FinalEnergyConsumption,FKK,PSNG_Road_ICE,Oil,2045,1.851870722910651
FinalEnergyConsumption,FKK,PSNG_Road_ICE,Oil,2050,2.0195979447300774
FinalEnergyConsumption,FKK,PSNG_Road_PHEV,Oil,2050,0.016384655602249606
FinalEnergyConsumption,FKK,HLI_Gas_Boiler,Gas_Natural,2030,0.09646701912978052
FinalEnergyConsumption,FKK,HLI_Gas_Boiler,Gas_Natural,2035,0.31531237832220893
FinalEnergyConsumption,FKK,HLI_Gas_Boiler,Gas_Natural,2040,0.5050131569694519
FinalEnergyConsumption,FKK,HLI_Gas_Boiler,Gas_Natural,2045,0.7419089809172276
FinalEnergyConsumption,FKK,HLI_Gas_Boiler,Gas_Natural,2050,1.089744438845858
FinalEnergyConsumption,FKK,P_Gas_CCGT,Gas_Natural,2045,0.2133885777698253
FinalEnergyConsumption,FKK,P_Gas_CCGT,Gas_Natural,2050,1.2868102897298852
FinalEnergyConsumption,FKK,HHI_BF_BOF,Hardcoal,2025,0.10827106641400008
FinalEnergyConsumption,FKK,HHI_BF_BOF,Hardcoal,2030,0.10661492758787845
FinalEnergyConsumption,FKK,HHI_BF_BOF,Hardcoal,2035,0.11289920792742583
FinalEnergyConsumption,FKK,HHI_BF_BOF,Hardcoal,2040,0.1195174286959152
FinalEnergyConsumption,FKK,HHI_BF_BOF,Hardcoal,2045,0.1265492998094483
FinalEnergyConsumption,FKK,HHI_BF_BOF,Hardcoal,2050,0.13396398939705437
FinalEnergyConsumption,FKK,HLI_Hardcoal,Hardcoal,2022,0.07407407405555555
FinalEnergyConsumption,FKK,HLI_Hardcoal,Hardcoal,2025,0.07980952380000013
FinalEnergyConsumption,FKK,HLI_Hardcoal,Hardcoal,2030,0.053115646239999884
FinalEnergyConsumption,FKK,HLI_Hardcoal,Hardcoal,2035,0.026512471659999943
FinalEnergyConsumption,FKK,HMI_HardCoal,Hardcoal,2022,0.1180301179999997
FinalEnergyConsumption,FKK,HMI_HardCoal,Hardcoal,2025,0.19530350954702
FinalEnergyConsumption,FKK,HMI_HardCoal,Hardcoal,2030,0.551202668087543
FinalEnergyConsumption,FKK,HMI_HardCoal,Hardcoal,2035,0.8087203978577182
FinalEnergyConsumption,FKK,HMI_HardCoal,Hardcoal,2040,1.1862997340009416
FinalEnergyConsumption,FKK,HMI_HardCoal,Hardcoal,2045,1.7404050211861986
FinalEnergyConsumption,FKK,HMI_HardCoal,Hardcoal,2050,2.553233114353224
FinalEnergyConsumption,FKK,HLI_Biomass,Biomass,2022,0.10416666666666664
FinalEnergyConsumption,FKK,HLI_Biomass,Biomass,2025,0.10434663539577464
FinalEnergyConsumption,FKK,HLI_Biomass,Biomass,2030,0.10680516434394363
FinalEnergyConsumption,FKK,HLI_Biomass,Biomass,2035,0.10937028953604246
FinalEnergyConsumption,FKK,HLI_Biomass,Biomass,2040,0.1120166072161823
FinalEnergyConsumption,FKK,HLI_Biomass,Biomass,2045,0.11147177935579915
FinalEnergyConsumption,FKK,HLI_Biomass,Biomass,2050,0.11092695149541536
FinalEnergyConsumption,FKK,HMI_Biomass,Biomass,2022,0.28280542979166684
FinalEnergyConsumption,FKK,HMI_Biomass,Biomass,2025,0.35328127135540893
FinalEnergyConsumption,FKK,HMI_Biomass,Biomass,2030,0.3611740482829608
FinalEnergyConsumption,FKK,HMI_Biomass,Biomass,2035,0.5954329087241066
FinalEnergyConsumption,FKK,HMI_Biomass,Biomass,2040,0.8008966939921106
FinalEnergyConsumption,FKK,HMI_Biomass,Biomass,2045,0.7018615539775321
FinalEnergyConsumption,FKK,HMI_Biomass,Biomass,2050,0.512522446609199
FinalEnergyConsumption,FKK,FRT_Rail_Electric,Power,2030,0.0002852065869085703
FinalEnergyConsumption,FKK,FRT_Rail_Electric,Power,2035,0.0005217301900444252
FinalEnergyConsumption,FKK,FRT_Rail_Electric,Power,2040,0.0008476519835335669
FinalEnergyConsumption,FKK,FRT_Rail_Electric,Power,2045,0.0012524758910029054
FinalEnergyConsumption,FKK,FRT_Rail_Electric,Power,2050,0.0017910526064127306
FinalEnergyConsumption,FKK,FRT_Road_BEV,Power,2030,0.03340725530887662
FinalEnergyConsumption,FKK,FRT_Road_BEV,Power,2035,0.06316599760143034
FinalEnergyConsumption,FKK,FRT_Road_BEV,Power,2040,0.10616367927525294
FinalEnergyConsumption,FKK,FRT_Road_BEV,Power,2045,0.16246863458945507
FinalEnergyConsumption,FKK,FRT_Road_BEV,Power,2050,0.24085202093874464
FinalEnergyConsumption,FKK,HHI_Scrap_EAF,Power,2030,0.005388051434306912
FinalEnergyConsumption,FKK,HHI_Scrap_EAF,Power,2035,0.005619851590682461
FinalEnergyConsumption,FKK,HHI_Scrap_EAF,Power,2040,0.005861920657783125
FinalEnergyConsumption,FKK,HHI_Scrap_EAF,Power,2045,0.006118201675238141
FinalEnergyConsumption,FKK,HHI_Scrap_EAF,Power,2050,0.006387283447815908
FinalEnergyConsumption,FKK,HLI_Direct_Electric,Power,2025,0.021214531865023444
FinalEnergyConsumption,FKK,HLI_Direct_Electric,Power,2030,0.06855756766032851
FinalEnergyConsumption,FKK,HLI_Direct_Electric,Power,2035,0.13922234024279054
FinalEnergyConsumption,FKK,HLI_Direct_Electric,Power,2040,0.2442256896246435
FinalEnergyConsumption,FKK,HLI_Direct_Electric,Power,2045,0.40235525963619506
FinalEnergyConsumption,FKK,HLI_Direct_Electric,Power,2050,0.6346310313194552
FinalEnergyConsumption,FKK,HMI_Steam_Electric,Power,2030,0.11914577824544696
FinalEnergyConsumption,FKK,HMI_Steam_Electric,Power,2035,0.12252550008258277
FinalEnergyConsumption,FKK,HMI_Steam_Electric,Power,2040,0.23344258068035906
FinalEnergyConsumption,FKK,HMI_Steam_Electric,Power,2045,0.7093138047787073
FinalEnergyConsumption,FKK,HMI_Steam_Electric,Power,2050,1.4456009065342998
FinalEnergyConsumption,FKK,D_Battery_Li-Ion,Power,2040,0.018629909534773385
FinalEnergyConsumption,FKK,D_Battery_Li-Ion,Power,2045,0.02008565313221258
FinalEnergyConsumption,FKK,D_Battery_Li-Ion,Power,2050,0.01133363390096906
FinalEnergyConsumption,FKK,PSNG_Road_BEV,Power,2030,0.05475484731386821
FinalEnergyConsumption,FKK,PSNG_Road_BEV,Power,2035,0.1036544994260379
FinalEnergyConsumption,FKK,PSNG_Road_BEV,Power,2040,0.11425211728168959
FinalEnergyConsumption,FKK,PSNG_Road_BEV,Power,2045,0.18973824139358425
FinalEnergyConsumption,FKK,PSNG_Road_BEV,Power,2050,0.2795435923288722
FinalEnergyConsumption,FKK,PSNG_Road_PHEV,Power,2050,0.007509634264179602
FinalEnergyConsumption,FKK,HLI_Gas_Boiler,Gas_Bio,2025,0.028007555620461935
FinalEnergyConsumption,FKK,HLI_Gas_Boiler,Gas_Bio,2030,0.08250000000000017
FinalEnergyConsumption,ZS,P_Oil,Oil,2022,0.11939464130967692
FinalEnergyConsumption,ZS,P_Oil,Oil,2025,0.21800334166666654
FinalEnergyConsumption,ZS,P_Oil,Oil,2030,0.21707841033333308
FinalEnergyConsumption,ZS,P_Oil,Oil,2035,0.0019472792882286847
FinalEnergyConsumption,ZS,P_Oil,Oil,2040,0.005685921904340525
FinalEnergyConsumption,ZS,P_Oil,Oil,2045,0.0002032225558311915
FinalEnergyConsumption,ZS,P_Oil,Oil,2050,0.0004567059361138011
FinalEnergyConsumption,ZS,HLI_Oil_Boiler,Oil,2022,0.017973856205555576
FinalEnergyConsumption,ZS,HLI_Oil_Boiler,Oil,2025,0.017948179272222232
FinalEnergyConsumption,ZS,HLI_Oil_Boiler,Oil,2030,0.006507128046908321
FinalEnergyConsumption,ZS,HLI_Oil_Boiler,Oil,2035,0.0028947721812848785
FinalEnergyConsumption,ZS,HMI_Oil,Oil,2022,0.02096587622499965
FinalEnergyConsumption,ZS,HMI_Oil,Oil,2025,0.020885248837500033
FinalEnergyConsumption,ZS,FRT_Road_ICE,Oil,2022,0.12726996606404284
FinalEnergyConsumption,ZS,FRT_Road_ICE,Oil,2025,0.1332861289362958
FinalEnergyConsumption,ZS,FRT_Road_ICE,Oil,2030,0.14960220838697003
FinalEnergyConsumption,ZS,FRT_Road_ICE,Oil,2035,0.17682442277476262
FinalEnergyConsumption,ZS,FRT_Road_ICE,Oil,2040,0.20811878526718494
FinalEnergyConsumption,ZS,FRT_Road_ICE,Oil,2045,0.24637748936698656
FinalEnergyConsumption,ZS,FRT_Road_ICE,Oil,2050,0.2904902576103626
FinalEnergyConsumption,ZS,FRT_Ship_Conv,Oil,2022,0.00887531104613413
FinalEnergyConsumption,ZS,FRT_Ship_Conv,Oil,2025,0.011548621451723605
FinalEnergyConsumption,ZS,FRT_Ship_Conv,Oil,2030,0.014434590880616658
FinalEnergyConsumption,ZS,FRT_Ship_Conv,Oil,2035,0.018038484004070827
FinalEnergyConsumption,ZS,FRT_Ship_Conv,Oil,2040,0.02253596715862916
FinalEnergyConsumption,ZS,FRT_Ship_Conv,Oil,2045,0.028150986197113894
FinalEnergyConsumption,ZS,FRT_Ship_Conv,Oil,2050,0.03515331780652223
FinalEnergyConsumption,ZS,PSNG_Air_Conv,Oil,2022,0.019310876010766694
FinalEnergyConsumption,ZS,PSNG_Air_Conv,Oil,2025,0.014686274506866666
FinalEnergyConsumption,ZS,PSNG_Air_Conv,Oil,2030,0.009329908336042012
FinalEnergyConsumption,ZS,PSNG_Air_Conv,Oil,2035,0.01216620915471667
FinalEnergyConsumption,ZS,PSNG_Air_Conv,Oil,2040,0.015900392162599995
FinalEnergyConsumption,ZS,PSNG_Air_Conv,Oil,2045,0.02078209151076669
FinalEnergyConsumption,ZS,PSNG_Air_Conv,Oil,2050,0.027163169944441668
FinalEnergyConsumption,ZS,PSNG_Rail_Conv,Oil,2030,0.013096816040853798
FinalEnergyConsumption,ZS,PSNG_Rail_Conv,Oil,2035,0.028160106554449855
FinalEnergyConsumption,ZS,PSNG_Rail_Conv,Oil,2040,0.07158950242592639
FinalEnergyConsumption,ZS,PSNG_Rail_Conv,Oil,2045,0.11273059976845415
FinalEnergyConsumption,ZS,PSNG_Rail_Conv,Oil,2050,0.18447152777777773
FinalEnergyConsumption,ZS,PSNG_Road_ICE,Oil,2022,0.6757500063216146
FinalEnergyConsumption,ZS,PSNG_Road_ICE,Oil,2025,0.7115916109072171
FinalEnergyConsumption,ZS,PSNG_Road_ICE,Oil,2030,0.7087889492830635
FinalEnergyConsumption,ZS,PSNG_Road_ICE,Oil,2035,0.7832362965663778
FinalEnergyConsumption,ZS,PSNG_Road_ICE,Oil,2040,0.8527199999999996
FinalEnergyConsumption,ZS,PSNG_Road_ICE,Oil,2045,0.9797577781419998
FinalEnergyConsumption,ZS,PSNG_Road_ICE,Oil,2050,1.0761937106487378
FinalEnergyConsumption,ZS,PSNG_Road_PHEV,Oil,2050,0.0077060116622658745
FinalEnergyConsumption,ZS,HLI_Gas_Boiler,Gas_Natural,2030,0.04526578962546986
FinalEnergyConsumption,ZS,HLI_Gas_Boiler,Gas_Natural,2035,0.2604898205384747
FinalEnergyConsumption,ZS,HLI_Gas_Boiler,Gas_Natural,2040,0.43732089520025696
FinalEnergyConsumption,ZS,HLI_Gas_Boiler,Gas_Natural,2045,0.642361732918457
FinalEnergyConsumption,ZS,HLI_Gas_Boiler,Gas_Natural,2050,0.9435909549292999
FinalEnergyConsumption,ZS,P_Gas_CCGT,Gas_Natural,2045,1.8605520056861478
FinalEnergyConsumption,ZS,P_Gas_CCGT,Gas_Natural,2050,3.015440717788029
FinalEnergyConsumption,ZS,HHI_BF_BOF,Hardcoal,2025,0.006393960615000005
FinalEnergyConsumption,ZS,HHI_BF_BOF,Hardcoal,2030,0.006299060447972578
FinalEnergyConsumption,ZS,HHI_BF_BOF,Hardcoal,2035,0.0066301771434269345
FinalEnergyConsumption,ZS,HHI_BF_BOF,Hardcoal,2040,0.007055155279520258
FinalEnergyConsumption,ZS,HHI_BF_BOF,Hardcoal,2045,0.0074628172671067075
FinalEnergyConsumption,ZS,HHI_BF_BOF,Hardcoal,2050,0.007905483062795015
FinalEnergyConsumption,ZS,HLI_Hardcoal,Hardcoal,2022,0.11111111108333326
FinalEnergyConsumption,ZS,HLI_Hardcoal,Hardcoal,2025,0.12369259410317128
FinalEnergyConsumption,ZS,HLI_Hardcoal,Hardcoal,2030,0.08232115364271804
FinalEnergyConsumption,ZS,HLI_Hardcoal,Hardcoal,2035,0.04109028897265777
FinalEnergyConsumption,ZS,HMI_HardCoal,Hardcoal,2022,0.07868674533333363
FinalEnergyConsumption,ZS,HMI_HardCoal,Hardcoal,2025,0.1035064766985292
FinalEnergyConsumption,ZS,HMI_HardCoal,Hardcoal,2030,0.17766951339552292
FinalEnergyConsumption,ZS,HMI_HardCoal,Hardcoal,2035,0.26065903277647073
FinalEnergyConsumption,ZS,HMI_HardCoal,Hardcoal,2040,0.38249363113156926
FinalEnergyConsumption,ZS,HMI_HardCoal,Hardcoal,2045,0.5610447203766201
FinalEnergyConsumption,ZS,HMI_HardCoal,Hardcoal,2050,0.8229932902381394
FinalEnergyConsumption,ZS,HLI_Biomass,Biomass,2022,0.08680555555555569
FinalEnergyConsumption,ZS,HLI_Biomass,Biomass,2025,0.08688246099669435
FinalEnergyConsumption,ZS,HLI_Biomass,Biomass,2030,0.08904178147146008
FinalEnergyConsumption,ZS,HLI_Biomass,Biomass,2035,0.091134504149876
FinalEnergyConsumption,ZS,HLI_Biomass,Biomass,2040,0.09335857362946799
FinalEnergyConsumption,ZS,HLI_Biomass,Biomass,2045,0.09290449496039306
FinalEnergyConsumption,ZS,HLI_Biomass,Biomass,2050,0.09245041629131817
FinalEnergyConsumption,ZS,HMI_Biomass,Biomass,2022,0.13197586723611127
FinalEnergyConsumption,ZS,HMI_Biomass,Biomass,2025,0.16489589803921573
FinalEnergyConsumption,ZS,HMI_Biomass,Biomass,2030,0.16852814004467295
FinalEnergyConsumption,ZS,HMI_Biomass,Biomass,2035,0.277818719257059
FinalEnergyConsumption,ZS,HMI_Biomass,Biomass,2040,0.43824701715054565
FinalEnergyConsumption,ZS,HMI_Biomass,Biomass,2045,0.3844884728983879
FinalEnergyConsumption,ZS,HMI_Biomass,Biomass,2050,0.2807394436091896
FinalEnergyConsumption,ZS,FRT_Road_BEV,Power,2030,0.01699061958855725
FinalEnergyConsumption,ZS,FRT_Road_BEV,Power,2035,0.03212460270859584
FinalEnergyConsumption,ZS,FRT_Road_BEV,Power,2040,0.053986302665143385
FinalEnergyConsumption,ZS,FRT_Road_BEV,Power,2045,0.08262748180256667
FinalEnergyConsumption,ZS,FRT_Road_BEV,Power,2050,0.12249990771888332
FinalEnergyConsumption,ZS,HHI_Scrap_EAF,Power,2030,0.0003126036240488189
FinalEnergyConsumption,ZS,HHI_Scrap_EAF,Power,2035,0.0003240884843042172
FinalEnergyConsumption,ZS,HHI_Scrap_EAF,Power,2040,0.0003397971934110936
FinalEnergyConsumption,ZS,HHI_Scrap_EAF,Power,2045,0.00035430017406705704
FinalEnergyConsumption,ZS,HHI_Scrap_EAF,Power,2050,0.00037013575986964123
FinalEnergyConsumption,ZS,HLI_Direct_Electric,Power,2025,0.017663921125344307
FinalEnergyConsumption,ZS,HLI_Direct_Electric,Power,2030,0.05715536318232346
FinalEnergyConsumption,ZS,HLI_Direct_Electric,Power,2035,0.1160091922443967
FinalEnergyConsumption,ZS,HLI_Direct_Electric,Power,2040,0.20354626509109114
FinalEnergyConsumption,ZS,HLI_Direct_Electric,Power,2045,0.3352719735589977
FinalEnergyConsumption,ZS,HLI_Direct_Electric,Power,2050,0.5288701785621419
FinalEnergyConsumption,ZS,HMI_Steam_Electric,Power,2030,0.055594848238235274
FinalEnergyConsumption,ZS,HMI_Steam_Electric,Power,2035,0.05716828379911741
FinalEnergyConsumption,ZS,HMI_Steam_Electric,Power,2040,0.05879885384272938
FinalEnergyConsumption,ZS,HMI_Steam_Electric,Power,2045,0.2864097953396397
FinalEnergyConsumption,ZS,HMI_Steam_Electric,Power,2050,0.641787324059868
FinalEnergyConsumption,ZS,PSNG_Road_BEV,Power,2030,0.027667010912868627
FinalEnergyConsumption,ZS,PSNG_Road_BEV,Power,2035,0.05131348573446367
FinalEnergyConsumption,ZS,PSNG_Road_BEV,Power,2040,0.057760353794171236
FinalEnergyConsumption,ZS,PSNG_Road_BEV,Power,2045,0.09676274210531227
FinalEnergyConsumption,ZS,PSNG_Road_BEV,Power,2050,0.14297535171696957
FinalEnergyConsumption,ZS,PSNG_Road_PHEV,Power,2050,0.0035319222218606772
FinalEnergyConsumption,ZS,HLI_Gas_Boiler,Gas_Bio,2025,0.017685886652633487
FinalEnergyConsumption,ZS,HLI_Gas_Boiler,Gas_Bio,2030,0.08249999999999998
FinalEnergyConsumption,MTKK,P_Oil,Oil,2022,0.10334202257507187
FinalEnergyConsumption,MTKK,P_Oil,Oil,2025,0.2543372319444445
FinalEnergyConsumption,MTKK,P_Oil,Oil,2030,0.36179735055555673
FinalEnergyConsumption,MTKK,P_Oil,Oil,2035,0.00036409315324835743
FinalEnergyConsumption,MTKK,P_Oil,Oil,2040,0.0010631270243511798
FinalEnergyConsumption,MTKK,P_Oil,Oil,2045,0.0024293633620145
FinalEnergyConsumption,MTKK,P_Oil,Oil,2050,0.0054595547421709524
FinalEnergyConsumption,MTKK,HLI_Oil_Boiler,Oil,2022,0.05065359476111107
FinalEnergyConsumption,MTKK,HLI_Oil_Boiler,Oil,2025,0.050581232494444496
FinalEnergyConsumption,MTKK,HLI_Oil_Boiler,Oil,2030,0.009759909942414031
FinalEnergyConsumption,MTKK,HLI_Oil_Boiler,Oil,2035,0.005659916715538295
FinalEnergyConsumption,MTKK,HMI_Oil,Oil,2022,0.15607930078611132
FinalEnergyConsumption,MTKK,HMI_Oil,Oil,2025,0.15547907467916688
FinalEnergyConsumption,MTKK,FRT_Rail_Conv,Oil,2022,0.005363225653621971
FinalEnergyConsumption,MTKK,FRT_Rail_Conv,Oil,2025,0.012008125070166674
FinalEnergyConsumption,MTKK,FRT_Rail_Conv,Oil,2030,0.013987460058111346
FinalEnergyConsumption,MTKK,FRT_Rail_Conv,Oil,2035,0.016856415275783194
FinalEnergyConsumption,MTKK,FRT_Rail_Conv,Oil,2040,0.020278408165299775
FinalEnergyConsumption,MTKK,FRT_Rail_Conv,Oil,2045,0.024497689229392168
FinalEnergyConsumption,MTKK,FRT_Rail_Conv,Oil,2050,0.029549720550699994
FinalEnergyConsumption,MTKK,FRT_Road_ICE,Oil,2022,0.40562946376708153
FinalEnergyConsumption,MTKK,FRT_Road_ICE,Oil,2025,0.43337890814730007
FinalEnergyConsumption,MTKK,FRT_Road_ICE,Oil,2030,0.5070361155103709
FinalEnergyConsumption,MTKK,FRT_Road_ICE,Oil,2035,0.6137963786162768
FinalEnergyConsumption,MTKK,FRT_Road_ICE,Oil,2040,0.7418318355903087
FinalEnergyConsumption,MTKK,FRT_Road_ICE,Oil,2045,0.9004603760412856
FinalEnergyConsumption,MTKK,FRT_Road_ICE,Oil,2050,1.0914859122981795
FinalEnergyConsumption,MTKK,PSNG_Rail_Conv,Oil,2030,0.023414949982023543
FinalEnergyConsumption,MTKK,PSNG_Rail_Conv,Oil,2035,0.05209461369808174
FinalEnergyConsumption,MTKK,PSNG_Rail_Conv,Oil,2040,0.13892233894548553
FinalEnergyConsumption,MTKK,PSNG_Rail_Conv,Oil,2045,0.21713541193973981
FinalEnergyConsumption,MTKK,PSNG_Rail_Conv,Oil,2050,0.35235555555555537
FinalEnergyConsumption,MTKK,PSNG_Road_ICE,Oil,2022,1.2878815553274947
FinalEnergyConsumption,MTKK,PSNG_Road_ICE,Oil,2025,1.3436499996150006
FinalEnergyConsumption,MTKK,PSNG_Road_ICE,Oil,2030,1.3257953699426945
FinalEnergyConsumption,MTKK,PSNG_Road_ICE,Oil,2035,1.449334074573845
FinalEnergyConsumption,MTKK,PSNG_Road_ICE,Oil,2040,1.5781100000000001
FinalEnergyConsumption,MTKK,PSNG_Road_ICE,Oil,2045,1.8130600006739985
FinalEnergyConsumption,MTKK,PSNG_Road_ICE,Oil,2050,1.9948716598332774
FinalEnergyConsumption,MTKK,PSNG_Road_PHEV,Oil,2050,0.011001145808339474
FinalEnergyConsumption,MTKK,HLI_Gas_Boiler,Gas_Natural,2030,0.10117423390754833
FinalEnergyConsumption,MTKK,HLI_Gas_Boiler,Gas_Natural,2035,0.31387263418720135
FinalEnergyConsumption,MTKK,HLI_Gas_Boiler,Gas_Natural,2040,0.5112274215678771
FinalEnergyConsumption,MTKK,HLI_Gas_Boiler,Gas_Natural,2045,0.7509624966422901
FinalEnergyConsumption,MTKK,HLI_Gas_Boiler,Gas_Natural,2050,1.1029682912787233
FinalEnergyConsumption,MTKK,P_Gas_CCGT,Gas_Natural,2045,0.31038385849438255
FinalEnergyConsumption,MTKK,P_Gas_CCGT,Gas_Natural,2050,1.3279983896630212
FinalEnergyConsumption,MTKK,HHI_BF_BOF,Hardcoal,2025,0.15917917188199993
FinalEnergyConsumption,MTKK,HHI_BF_BOF,Hardcoal,2030,0.15674825854140206
FinalEnergyConsumption,MTKK,HHI_BF_BOF,Hardcoal,2035,0.1660076415427184
FinalEnergyConsumption,MTKK,HHI_BF_BOF,Hardcoal,2040,0.1757478701115395
FinalEnergyConsumption,MTKK,HHI_BF_BOF,Hardcoal,2045,0.18608975396362176
FinalEnergyConsumption,MTKK,HHI_BF_BOF,Hardcoal,2050,0.19698828938378335
FinalEnergyConsumption,MTKK,HLI_Hardcoal,Hardcoal,2022,0.09629629627222218
FinalEnergyConsumption,MTKK,HLI_Hardcoal,Hardcoal,2025,0.1037523809400001
FinalEnergyConsumption,MTKK,HLI_Hardcoal,Hardcoal,2030,0.06905034011200013
FinalEnergyConsumption,MTKK,HLI_Hardcoal,Hardcoal,2035,0.03446621315799993
FinalEnergyConsumption,MTKK,HMI_HardCoal,Hardcoal,2022,0.17704517699999978
FinalEnergyConsumption,MTKK,HMI_HardCoal,Hardcoal,2025,0.2565985293324185
FinalEnergyConsumption,MTKK,HMI_HardCoal,Hardcoal,2030,0.5693351936692271
FinalEnergyConsumption,MTKK,HMI_HardCoal,Hardcoal,2035,0.8353316139487015
FinalEnergyConsumption,MTKK,HMI_HardCoal,Hardcoal,2040,1.2252868240677393
FinalEnergyConsumption,MTKK,HMI_HardCoal,Hardcoal,2045,1.7977414091301291
FinalEnergyConsumption,MTKK,HMI_HardCoal,Hardcoal,2050,2.6372576802417353
FinalEnergyConsumption,MTKK,HLI_Biomass,Biomass,2022,0.06944444444444432
FinalEnergyConsumption,MTKK,HLI_Biomass,Biomass,2025,0.06954230655284553
FinalEnergyConsumption,MTKK,HLI_Biomass,Biomass,2030,0.07120036135340918
FinalEnergyConsumption,MTKK,HLI_Biomass,Biomass,2035,0.0729414333173444
FinalEnergyConsumption,MTKK,HLI_Biomass,Biomass,2040,0.07468585607907398
FinalEnergyConsumption,MTKK,HLI_Biomass,Biomass,2045,0.07432259802136522
FinalEnergyConsumption,MTKK,HLI_Biomass,Biomass,2050,0.07395933996365614
FinalEnergyConsumption,MTKK,HMI_Biomass,Biomass,2022,0.15082956255555582
FinalEnergyConsumption,MTKK,HMI_Biomass,Biomass,2025,0.1883644574124707
FinalEnergyConsumption,MTKK,HMI_Biomass,Biomass,2030,0.1926264496700888
FinalEnergyConsumption,MTKK,HMI_Biomass,Biomass,2035,0.31756747657911083
FinalEnergyConsumption,MTKK,HMI_Biomass,Biomass,2040,0.4690041212009338
FinalEnergyConsumption,MTKK,HMI_Biomass,Biomass,2045,0.41104103046499096
FinalEnergyConsumption,MTKK,HMI_Biomass,Biomass,2050,0.3001454855627147
FinalEnergyConsumption,MTKK,FRT_Rail_Electric,Power,2030,0.0005791181558143328
FinalEnergyConsumption,MTKK,FRT_Rail_Electric,Power,2035,0.0010594698515377077
FinalEnergyConsumption,MTKK,FRT_Rail_Electric,Power,2040,0.0017210139469553368
FinalEnergyConsumption,MTKK,FRT_Rail_Electric,Power,2045,0.002543191948022256
FinalEnergyConsumption,MTKK,FRT_Rail_Electric,Power,2050,0.003636753864267223
FinalEnergyConsumption,MTKK,FRT_Road_BEV,Power,2030,0.03591328661339303
FinalEnergyConsumption,MTKK,FRT_Road_BEV,Power,2035,0.0679036790311688
FinalEnergyConsumption,MTKK,FRT_Road_BEV,Power,2040,0.11411677629986897
FinalEnergyConsumption,MTKK,FRT_Road_BEV,Power,2045,0.17464302437368098
FinalEnergyConsumption,MTKK,FRT_Road_BEV,Power,2050,0.25890763120939514
FinalEnergyConsumption,MTKK,HHI_Scrap_EAF,Power,2030,0.007942292294834875
FinalEnergyConsumption,MTKK,HHI_Scrap_EAF,Power,2035,0.008284979847803424
FinalEnergyConsumption,MTKK,HHI_Scrap_EAF,Power,2040,0.00864227716134923
FinalEnergyConsumption,MTKK,HHI_Scrap_EAF,Power,2045,0.00902019504926179
FinalEnergyConsumption,MTKK,HHI_Scrap_EAF,Power,2050,0.009416683002768001
FinalEnergyConsumption,MTKK,HLI_Direct_Electric,Power,2025,0.014138524665763359
FinalEnergyConsumption,MTKK,HLI_Direct_Electric,Power,2030,0.045703067083974806
FinalEnergyConsumption,MTKK,HLI_Direct_Electric,Power,2035,0.0928504175145078
FinalEnergyConsumption,MTKK,HLI_Direct_Electric,Power,2040,0.16283482565149102
FinalEnergyConsumption,MTKK,HLI_Direct_Electric,Power,2045,0.2682327150617354
FinalEnergyConsumption,MTKK,HLI_Direct_Electric,Power,2050,0.4230517919414438
FinalEnergyConsumption,MTKK,HMI_Steam_Electric,Power,2030,0.06354451092405082
FinalEnergyConsumption,MTKK,HMI_Steam_Electric,Power,2035,0.06534760391594088
FinalEnergyConsumption,MTKK,HMI_Steam_Electric,Power,2040,0.09190018382174432
FinalEnergyConsumption,MTKK,HMI_Steam_Electric,Power,2045,0.3495839791952741
FinalEnergyConsumption,MTKK,HMI_Steam_Electric,Power,2050,0.7498935194680779
FinalEnergyConsumption,MTKK,D_Battery_Li-Ion,Power,2045,1.9834404993822058e-5
FinalEnergyConsumption,MTKK,D_Battery_Li-Ion,Power,2050,1.1191863334681057e-5
FinalEnergyConsumption,MTKK,PSNG_Road_BEV,Power,2030,0.052741320381354324
FinalEnergyConsumption,MTKK,PSNG_Road_BEV,Power,2035,0.10213929412753686
FinalEnergyConsumption,MTKK,PSNG_Road_BEV,Power,2040,0.10748286398888578
FinalEnergyConsumption,MTKK,PSNG_Road_BEV,Power,2045,0.17930812419242068
FinalEnergyConsumption,MTKK,PSNG_Road_BEV,Power,2050,0.26456029604671094
FinalEnergyConsumption,MTKK,PSNG_Road_PHEV,Power,2050,0.005042192128603483
FinalEnergyConsumption,MTKK,HLI_Gas_Boiler,Gas_Bio,2025,0.026877920686214925
FinalEnergyConsumption,MTKK,HLI_Gas_Boiler,Gas_Bio,2030,0.06875
FinalEnergyConsumption,Dakar,InputDemand,Power,2022,3.0146537499999995
FinalEnergyConsumption,Diourbel,InputDemand,Power,2022,0.39227114613499653
FinalEnergyConsumption,Thies,InputDemand,Power,2022,0.7481717985573332
FinalEnergyConsumption,LS,InputDemand,Power,2022,0.3600104123035222
FinalEnergyConsumption,FKK,InputDemand,Power,2022,0.6052053946193112
FinalEnergyConsumption,ZS,InputDemand,Power,2022,0.22170630973332642
FinalEnergyConsumption,MTKK,InputDemand,Power,2022,0.510899879762559
FinalEnergyConsumption,Dakar,InputDemand,Power,2025,3.922187180887822
FinalEnergyConsumption,Diourbel,InputDemand,Power,2025,0.4479802481839525
FinalEnergyConsumption,Thies,InputDemand,Power,2025,1.323768852264293
FinalEnergyConsumption,LS,InputDemand,Power,2025,0.3105418143825389
FinalEnergyConsumption,FKK,InputDemand,Power,2025,0.4887018609259986
FinalEnergyConsumption,ZS,InputDemand,Power,2025,0.3057813840720803
FinalEnergyConsumption,MTKK,InputDemand,Power,2025,0.48883865928331416
FinalEnergyConsumption,Dakar,InputDemand,Power,2030,4.959647076685933
FinalEnergyConsumption,Diourbel,InputDemand,Power,2030,0.5664757508629783
FinalEnergyConsumption,Thies,InputDemand,Power,2030,1.6739196819398983
FinalEnergyConsumption,LS,InputDemand,Power,2030,0.39268340108706135
FinalEnergyConsumption,FKK,InputDemand,Power,2030,0.617968659864917
FinalEnergyConsumption,ZS,InputDemand,Power,2030,0.3866637867279914
FinalEnergyConsumption,MTKK,InputDemand,Power,2030,0.6181416428312223
FinalEnergyConsumption,Dakar,InputDemand,Power,2035,5.997160791018863
FinalEnergyConsumption,Diourbel,InputDemand,Power,2035,0.6849774005307826
FinalEnergyConsumption,Thies,InputDemand,Power,2035,2.0240886757919663
FinalEnergyConsumption,LS,InputDemand,Power,2035,0.47482924891036304
FinalEnergyConsumption,FKK,InputDemand,Power,2035,0.7472421645567497
FinalEnergyConsumption,ZS,InputDemand,Power,2035,0.46755038518214165
FinalEnergyConsumption,MTKK,InputDemand,Power,2035,0.7474513340091321
FinalEnergyConsumption,Dakar,InputDemand,Power,2040,7.034620686816972
FinalEnergyConsumption,Diourbel,InputDemand,Power,2040,0.8034729032098082
FinalEnergyConsumption,Thies,InputDemand,Power,2040,2.3742395054675716
FinalEnergyConsumption,LS,InputDemand,Power,2040,0.5569708356148859
FinalEnergyConsumption,FKK,InputDemand,Power,2040,0.8765089634956681
FinalEnergyConsumption,ZS,InputDemand,Power,2040,0.5484327878380527
FinalEnergyConsumption,MTKK,InputDemand,Power,2040,0.8767543175570403
FinalEnergyConsumption,Dakar,InputDemand,Power,2045,8.072134401149905
FinalEnergyConsumption,Diourbel,InputDemand,Power,2045,0.9219745528776125
FinalEnergyConsumption,Thies,InputDemand,Power,2045,2.72440849931964
FinalEnergyConsumption,LS,InputDemand,Power,2045,0.6391166834381872
FinalEnergyConsumption,FKK,InputDemand,Power,2045,1.005782468187501
FinalEnergyConsumption,ZS,InputDemand,Power,2045,0.6293193862922031
FinalEnergyConsumption,MTKK,InputDemand,Power,2045,1.0060640087349502
FinalEnergyConsumption,Dakar,InputDemand,Power,2050,9.109648115482836
FinalEnergyConsumption,Diourbel,InputDemand,Power,2050,1.0404762025454166
FinalEnergyConsumption,Thies,InputDemand,Power,2050,3.0745774931717085
FinalEnergyConsumption,LS,InputDemand,Power,2050,0.7212625312614892
FinalEnergyConsumption,FKK,InputDemand,Power,2050,1.135055972879334
FinalEnergyConsumption,ZS,InputDemand,Power,2050,0.710205984746353
FinalEnergyConsumption,MTKK,InputDemand,Power,2050,1.1353736999128605
FinalEnergyConsumption,Dakar,InputDemand,Mobility_Freight,2022,0.40918462875479167
FinalEnergyConsumption,Diourbel,InputDemand,Mobility_Freight,2022,0.12174936020617888
FinalEnergyConsumption,Thies,InputDemand,Mobility_Freight,2022,0.05986367134411638
FinalEnergyConsumption,LS,InputDemand,Mobility_Freight,2022,0.09552289653745027
FinalEnergyConsumption,FKK,InputDemand,Mobility_Freight,2022,0.11903009526825138
FinalEnergyConsumption,ZS,InputDemand,Mobility_Freight,2022,0.057174288438473886
FinalEnergyConsumption,MTKK,InputDemand,Mobility_Freight,2022,0.1342699317335589
FinalEnergyConsumption,Dakar,InputDemand,Mobility_Freight,2025,0.4736944444444444
FinalEnergyConsumption,Diourbel,InputDemand,Mobility_Freight,2025,0.14094444444444443
FinalEnergyConsumption,Thies,InputDemand,Mobility_Freight,2025,0.06930555555555555
FinalEnergyConsumption,LS,InputDemand,Mobility_Freight,2025,0.11058333333333334
FinalEnergyConsumption,FKK,InputDemand,Mobility_Freight,2025,0.13780555555555554
FinalEnergyConsumption,ZS,InputDemand,Mobility_Freight,2025,0.06619444444444444
FinalEnergyConsumption,MTKK,InputDemand,Mobility_Freight,2025,0.15544444444444444
FinalEnergyConsumption,Dakar,InputDemand,Mobility_Freight,2030,0.6045555555555556
FinalEnergyConsumption,Diourbel,InputDemand,Mobility_Freight,2030,0.17988888888888888
FinalEnergyConsumption,Thies,InputDemand,Mobility_Freight,2030,0.08844444444444445
FinalEnergyConsumption,LS,InputDemand,Mobility_Freight,2030,0.1411388888888889
FinalEnergyConsumption,FKK,InputDemand,Mobility_Freight,2030,0.1758611111111111
FinalEnergyConsumption,ZS,InputDemand,Mobility_Freight,2030,0.08447222222222221
FinalEnergyConsumption,MTKK,InputDemand,Mobility_Freight,2030,0.19838888888888886
FinalEnergyConsumption,Dakar,InputDemand,Mobility_Freight,2035,0.7715833333333333
FinalEnergyConsumption,Diourbel,InputDemand,Mobility_Freight,2035,0.22958333333333333
FinalEnergyConsumption,Thies,InputDemand,Mobility_Freight,2035,0.11288888888888889
FinalEnergyConsumption,LS,InputDemand,Mobility_Freight,2035,0.1801111111111111
FinalEnergyConsumption,FKK,InputDemand,Mobility_Freight,2035,0.22444444444444445
FinalEnergyConsumption,ZS,InputDemand,Mobility_Freight,2035,0.10780555555555556
FinalEnergyConsumption,MTKK,InputDemand,Mobility_Freight,2035,0.25319444444444444
FinalEnergyConsumption,Dakar,InputDemand,Mobility_Freight,2040,0.98475
FinalEnergyConsumption,Diourbel,InputDemand,Mobility_Freight,2040,0.293
FinalEnergyConsumption,Thies,InputDemand,Mobility_Freight,2040,0.14405555555555555
FinalEnergyConsumption,LS,InputDemand,Mobility_Freight,2040,0.2298888888888889
FinalEnergyConsumption,FKK,InputDemand,Mobility_Freight,2040,0.28647222222222224
FinalEnergyConsumption,ZS,InputDemand,Mobility_Freight,2040,0.13758333333333334
FinalEnergyConsumption,MTKK,InputDemand,Mobility_Freight,2040,0.32313888888888886
FinalEnergyConsumption,Dakar,InputDemand,Mobility_Freight,2045,1.2568333333333335
FinalEnergyConsumption,Diourbel,InputDemand,Mobility_Freight,2045,0.37394444444444447
FinalEnergyConsumption,Thies,InputDemand,Mobility_Freight,2045,0.18386111111111111
FinalEnergyConsumption,LS,InputDemand,Mobility_Freight,2045,0.29338888888888887
FinalEnergyConsumption,FKK,InputDemand,Mobility_Freight,2045,0.3656111111111111
FinalEnergyConsumption,ZS,InputDemand,Mobility_Freight,2045,0.1756111111111111
FinalEnergyConsumption,MTKK,InputDemand,Mobility_Freight,2045,0.41241666666666665
FinalEnergyConsumption,Dakar,InputDemand,Mobility_Freight,2050,1.6040555555555556
FinalEnergyConsumption,Diourbel,InputDemand,Mobility_Freight,2050,0.47727777777777775
FinalEnergyConsumption,Thies,InputDemand,Mobility_Freight,2050,0.23466666666666666
FinalEnergyConsumption,LS,InputDemand,Mobility_Freight,2050,0.37447222222222226
FinalEnergyConsumption,FKK,InputDemand,Mobility_Freight,2050,0.4666111111111111
FinalEnergyConsumption,ZS,InputDemand,Mobility_Freight,2050,0.22413888888888886
FinalEnergyConsumption,MTKK,InputDemand,Mobility_Freight,2050,0.5263611111111111
FinalEnergyConsumption,Dakar,InputDemand,Mobility_Passenger,2022,2.6836605123003303
FinalEnergyConsumption,Diourbel,InputDemand,Mobility_Passenger,2022,0.5835539504841694
FinalEnergyConsumption,Thies,InputDemand,Mobility_Passenger,2022,1.0671601600352554
FinalEnergyConsumption,LS,InputDemand,Mobility_Passenger,2022,0.8966878050490861
FinalEnergyConsumption,FKK,InputDemand,Mobility_Passenger,2022,1.0393343680639333
FinalEnergyConsumption,ZS,InputDemand,Mobility_Passenger,2022,0.5315583213229694
FinalEnergyConsumption,MTKK,InputDemand,Mobility_Passenger,2022,0.9836162594109222
FinalEnergyConsumption,Dakar,InputDemand,Mobility_Passenger,2025,3.151388888888889
FinalEnergyConsumption,Diourbel,InputDemand,Mobility_Passenger,2025,0.6852777777777778
FinalEnergyConsumption,Thies,InputDemand,Mobility_Passenger,2025,1.2530555555555556
FinalEnergyConsumption,LS,InputDemand,Mobility_Passenger,2025,1.0530555555555554
FinalEnergyConsumption,FKK,InputDemand,Mobility_Passenger,2025,1.2205555555555556
FinalEnergyConsumption,ZS,InputDemand,Mobility_Passenger,2025,0.6241666666666666
FinalEnergyConsumption,MTKK,InputDemand,Mobility_Passenger,2025,1.155
FinalEnergyConsumption,Dakar,InputDemand,Mobility_Passenger,2030,4.118611111111111
FinalEnergyConsumption,Diourbel,InputDemand,Mobility_Passenger,2030,0.8955555555555555
FinalEnergyConsumption,Thies,InputDemand,Mobility_Passenger,2030,1.6377777777777778
FinalEnergyConsumption,LS,InputDemand,Mobility_Passenger,2030,1.376111111111111
FinalEnergyConsumption,FKK,InputDemand,Mobility_Passenger,2030,1.595
FinalEnergyConsumption,ZS,InputDemand,Mobility_Passenger,2030,0.8158333333333333
FinalEnergyConsumption,MTKK,InputDemand,Mobility_Passenger,2030,1.5094444444444444
FinalEnergyConsumption,Dakar,InputDemand,Mobility_Passenger,2035,5.382777777777778
FinalEnergyConsumption,Diourbel,InputDemand,Mobility_Passenger,2035,1.1705555555555556
FinalEnergyConsumption,Thies,InputDemand,Mobility_Passenger,2035,2.1405555555555558
FinalEnergyConsumption,LS,InputDemand,Mobility_Passenger,2035,1.798611111111111
FinalEnergyConsumption,FKK,InputDemand,Mobility_Passenger,2035,2.084722222222222
FinalEnergyConsumption,ZS,InputDemand,Mobility_Passenger,2035,1.066111111111111
FinalEnergyConsumption,MTKK,InputDemand,Mobility_Passenger,2035,1.9727777777777777
FinalEnergyConsumption,Dakar,InputDemand,Mobility_Passenger,2040,7.035
FinalEnergyConsumption,Diourbel,InputDemand,Mobility_Passenger,2040,1.529722222222222
FinalEnergyConsumption,Thies,InputDemand,Mobility_Passenger,2040,2.7975
FinalEnergyConsumption,LS,InputDemand,Mobility_Passenger,2040,2.3505555555555553
FinalEnergyConsumption,FKK,InputDemand,Mobility_Passenger,2040,2.7244444444444444
FinalEnergyConsumption,ZS,InputDemand,Mobility_Passenger,2040,1.3933333333333333
FinalEnergyConsumption,MTKK,InputDemand,Mobility_Passenger,2040,2.578611111111111
FinalEnergyConsumption,Dakar,InputDemand,Mobility_Passenger,2045,9.194722222222222
FinalEnergyConsumption,Diourbel,InputDemand,Mobility_Passenger,2045,1.9994444444444446
FinalEnergyConsumption,Thies,InputDemand,Mobility_Passenger,2045,3.656388888888889
FinalEnergyConsumption,LS,InputDemand,Mobility_Passenger,2045,3.0722222222222224
FinalEnergyConsumption,FKK,InputDemand,Mobility_Passenger,2045,3.5608333333333335
FinalEnergyConsumption,ZS,InputDemand,Mobility_Passenger,2045,1.8211111111111111
FinalEnergyConsumption,MTKK,InputDemand,Mobility_Passenger,2045,3.3699999999999997
FinalEnergyConsumption,Dakar,InputDemand,Mobility_Passenger,2050,12.016944444444444
FinalEnergyConsumption,Diourbel,InputDemand,Mobility_Passenger,2050,2.6130555555555555
FinalEnergyConsumption,Thies,InputDemand,Mobility_Passenger,2050,4.778611111111111
FinalEnergyConsumption,LS,InputDemand,Mobility_Passenger,2050,4.0152777777777775
FinalEnergyConsumption,FKK,InputDemand,Mobility_Passenger,2050,4.653888888888889
FinalEnergyConsumption,ZS,InputDemand,Mobility_Passenger,2050,2.380277777777778
FinalEnergyConsumption,MTKK,InputDemand,Mobility_Passenger,2050,4.404444444444445
FinalEnergyConsumption,Dakar,InputDemand,Heat_High_Industrial,2025,0.2323611111111111
FinalEnergyConsumption,Diourbel,InputDemand,Heat_High_Industrial,2025,0.043583333333333335
FinalEnergyConsumption,Thies,InputDemand,Heat_High_Industrial,2025,0.20694444444444443
FinalEnergyConsumption,LS,InputDemand,Heat_High_Industrial,2025,0.03775
FinalEnergyConsumption,FKK,InputDemand,Heat_High_Industrial,2025,0.04938888888888889
FinalEnergyConsumption,ZS,InputDemand,Heat_High_Industrial,2025,0.002916666666666667
FinalEnergyConsumption,MTKK,InputDemand,Heat_High_Industrial,2025,0.07261111111111111
FinalEnergyConsumption,Dakar,InputDemand,Heat_High_Industrial,2030,0.25033333333333335
FinalEnergyConsumption,Diourbel,InputDemand,Heat_High_Industrial,2030,0.04694444444444445
FinalEnergyConsumption,Thies,InputDemand,Heat_High_Industrial,2030,0.22294444444444445
FinalEnergyConsumption,LS,InputDemand,Heat_High_Industrial,2030,0.04066666666666666
FinalEnergyConsumption,FKK,InputDemand,Heat_High_Industrial,2030,0.05319444444444445
FinalEnergyConsumption,ZS,InputDemand,Heat_High_Industrial,2030,0.0031388888888888885
FinalEnergyConsumption,MTKK,InputDemand,Heat_High_Industrial,2030,0.07822222222222222
FinalEnergyConsumption,Dakar,InputDemand,Heat_High_Industrial,2035,0.26966666666666667
FinalEnergyConsumption,Diourbel,InputDemand,Heat_High_Industrial,2035,0.050555555555555555
FinalEnergyConsumption,Thies,InputDemand,Heat_High_Industrial,2035,0.24019444444444443
FinalEnergyConsumption,LS,InputDemand,Heat_High_Industrial,2035,0.04383333333333333
FinalEnergyConsumption,FKK,InputDemand,Heat_High_Industrial,2035,0.057305555555555554
FinalEnergyConsumption,ZS,InputDemand,Heat_High_Industrial,2035,0.0033611111111111107
FinalEnergyConsumption,MTKK,InputDemand,Heat_High_Industrial,2035,0.08427777777777777
FinalEnergyConsumption,Dakar,InputDemand,Heat_High_Industrial,2040,0.2905277777777778
FinalEnergyConsumption,Diourbel,InputDemand,Heat_High_Industrial,2040,0.05447222222222222
FinalEnergyConsumption,Thies,InputDemand,Heat_High_Industrial,2040,0.25875
FinalEnergyConsumption,LS,InputDemand,Heat_High_Industrial,2040,0.04722222222222222
FinalEnergyConsumption,FKK,InputDemand,Heat_High_Industrial,2040,0.06172222222222222
FinalEnergyConsumption,ZS,InputDemand,Heat_High_Industrial,2040,0.003638888888888889
FinalEnergyConsumption,MTKK,InputDemand,Heat_High_Industrial,2040,0.09077777777777778
FinalEnergyConsumption,Dakar,InputDemand,Heat_High_Industrial,2045,0.3129722222222222
FinalEnergyConsumption,Diourbel,InputDemand,Heat_High_Industrial,2045,0.05869444444444444
FinalEnergyConsumption,Thies,InputDemand,Heat_High_Industrial,2045,0.27875
FinalEnergyConsumption,LS,InputDemand,Heat_High_Industrial,2045,0.050861111111111114
FinalEnergyConsumption,FKK,InputDemand,Heat_High_Industrial,2045,0.0665
FinalEnergyConsumption,ZS,InputDemand,Heat_High_Industrial,2045,0.003916666666666666
FinalEnergyConsumption,MTKK,InputDemand,Heat_High_Industrial,2045,0.09780555555555556
FinalEnergyConsumption,Dakar,InputDemand,Heat_High_Industrial,2050,0.33716666666666667
FinalEnergyConsumption,Diourbel,InputDemand,Heat_High_Industrial,2050,0.06322222222222222
FinalEnergyConsumption,Thies,InputDemand,Heat_High_Industrial,2050,0.30027777777777775
FinalEnergyConsumption,LS,InputDemand,Heat_High_Industrial,2050,0.05477777777777777
FinalEnergyConsumption,FKK,InputDemand,Heat_High_Industrial,2050,0.07163888888888889
FinalEnergyConsumption,ZS,InputDemand,Heat_High_Industrial,2050,0.004222222222222222
FinalEnergyConsumption,MTKK,InputDemand,Heat_High_Industrial,2050,0.10536111111111111
FinalEnergyConsumption,Dakar,InputDemand,Heat_Low_Industrial,2022,0.5694444444444445
FinalEnergyConsumption,Diourbel,InputDemand,Heat_Low_Industrial,2022,0.2777777777777778
FinalEnergyConsumption,Thies,InputDemand,Heat_Low_Industrial,2022,0.5375000000000001
FinalEnergyConsumption,LS,InputDemand,Heat_Low_Industrial,2022,0.24722222222222218
FinalEnergyConsumption,FKK,InputDemand,Heat_Low_Industrial,2022,0.19722222222222222
FinalEnergyConsumption,ZS,InputDemand,Heat_Low_Industrial,2022,0.16805555555555557
FinalEnergyConsumption,MTKK,InputDemand,Heat_Low_Industrial,2022,0.17083333333333334
FinalEnergyConsumption,Dakar,InputDemand,Heat_Low_Industrial,2025,0.7175
FinalEnergyConsumption,Diourbel,InputDemand,Heat_Low_Industrial,2025,0.35
FinalEnergyConsumption,Thies,InputDemand,Heat_Low_Industrial,2025,0.6772222222222223
FinalEnergyConsumption,LS,InputDemand,Heat_Low_Industrial,2025,0.3113888888888889
FinalEnergyConsumption,FKK,InputDemand,Heat_Low_Industrial,2025,0.24861111111111112
FinalEnergyConsumption,ZS,InputDemand,Heat_Low_Industrial,2025,0.21166666666666667
FinalEnergyConsumption,MTKK,InputDemand,Heat_Low_Industrial,2025,0.2152777777777778
FinalEnergyConsumption,Dakar,InputDemand,Heat_Low_Industrial,2030,1.0547222222222223
FinalEnergyConsumption,Diourbel,InputDemand,Heat_Low_Industrial,2030,0.5144444444444445
FinalEnergyConsumption,Thies,InputDemand,Heat_Low_Industrial,2030,0.9955555555555555
FinalEnergyConsumption,LS,InputDemand,Heat_Low_Industrial,2030,0.45805555555555555
FinalEnergyConsumption,FKK,InputDemand,Heat_Low_Industrial,2030,0.36527777777777776
FinalEnergyConsumption,ZS,InputDemand,Heat_Low_Industrial,2030,0.3113888888888889
FinalEnergyConsumption,MTKK,InputDemand,Heat_Low_Industrial,2030,0.3163888888888889
FinalEnergyConsumption,Dakar,InputDemand,Heat_Low_Industrial,2035,1.5505555555555555
FinalEnergyConsumption,Diourbel,InputDemand,Heat_Low_Industrial,2035,0.7563888888888888
FinalEnergyConsumption,Thies,InputDemand,Heat_Low_Industrial,2035,1.4636111111111112
FinalEnergyConsumption,LS,InputDemand,Heat_Low_Industrial,2035,0.6730555555555555
FinalEnergyConsumption,FKK,InputDemand,Heat_Low_Industrial,2035,0.5369444444444444
FinalEnergyConsumption,ZS,InputDemand,Heat_Low_Industrial,2035,0.4575
FinalEnergyConsumption,MTKK,InputDemand,Heat_Low_Industrial,2035,0.4652777777777778
FinalEnergyConsumption,Dakar,InputDemand,Heat_Low_Industrial,2040,2.279444444444444
FinalEnergyConsumption,Diourbel,InputDemand,Heat_Low_Industrial,2040,1.1119444444444444
FinalEnergyConsumption,Thies,InputDemand,Heat_Low_Industrial,2040,2.151388888888889
FinalEnergyConsumption,LS,InputDemand,Heat_Low_Industrial,2040,0.9894444444444443
FinalEnergyConsumption,FKK,InputDemand,Heat_Low_Industrial,2040,0.7894444444444444
FinalEnergyConsumption,ZS,InputDemand,Heat_Low_Industrial,2040,0.6727777777777778
FinalEnergyConsumption,MTKK,InputDemand,Heat_Low_Industrial,2040,0.6838888888888889
FinalEnergyConsumption,Dakar,InputDemand,Heat_Low_Industrial,2045,3.3505555555555553
FinalEnergyConsumption,Diourbel,InputDemand,Heat_Low_Industrial,2045,1.6344444444444446
FinalEnergyConsumption,Thies,InputDemand,Heat_Low_Industrial,2045,3.1627777777777775
FinalEnergyConsumption,LS,InputDemand,Heat_Low_Industrial,2045,1.4547222222222222
FinalEnergyConsumption,FKK,InputDemand,Heat_Low_Industrial,2045,1.1605555555555556
FinalEnergyConsumption,ZS,InputDemand,Heat_Low_Industrial,2045,0.9888888888888889
FinalEnergyConsumption,MTKK,InputDemand,Heat_Low_Industrial,2045,1.0052777777777777
FinalEnergyConsumption,Dakar,InputDemand,Heat_Low_Industrial,2050,4.9252777777777785
FinalEnergyConsumption,Diourbel,InputDemand,Heat_Low_Industrial,2050,2.4027777777777777
FinalEnergyConsumption,Thies,InputDemand,Heat_Low_Industrial,2050,4.649166666666666
FinalEnergyConsumption,LS,InputDemand,Heat_Low_Industrial,2050,2.138333333333333
FinalEnergyConsumption,FKK,InputDemand,Heat_Low_Industrial,2050,1.7058333333333333
FinalEnergyConsumption,ZS,InputDemand,Heat_Low_Industrial,2050,1.453611111111111
FinalEnergyConsumption,MTKK,InputDemand,Heat_Low_Industrial,2050,1.4775
FinalEnergyConsumption,Dakar,InputDemand,Heat_Medium_Industrial,2022,1.2638888888888888
FinalEnergyConsumption,Diourbel,InputDemand,Heat_Medium_Industrial,2022,0.4444444444444444
FinalEnergyConsumption,Thies,InputDemand,Heat_Medium_Industrial,2022,1.1805555555555556
FinalEnergyConsumption,LS,InputDemand,Heat_Medium_Industrial,2022,0.2888888888888889
FinalEnergyConsumption,FKK,InputDemand,Heat_Medium_Industrial,2022,0.41944444444444445
FinalEnergyConsumption,ZS,InputDemand,Heat_Medium_Industrial,2022,0.1652777777777778
FinalEnergyConsumption,MTKK,InputDemand,Heat_Medium_Industrial,2022,0.32916666666666666
FinalEnergyConsumption,Dakar,InputDemand,Heat_Medium_Industrial,2025,1.5924999999999998
FinalEnergyConsumption,Diourbel,InputDemand,Heat_Medium_Industrial,2025,0.5599999999999999
FinalEnergyConsumption,Thies,InputDemand,Heat_Medium_Industrial,2025,1.4875
FinalEnergyConsumption,LS,InputDemand,Heat_Medium_Industrial,2025,0.3638888888888889
FinalEnergyConsumption,FKK,InputDemand,Heat_Medium_Industrial,2025,0.5286111111111111
FinalEnergyConsumption,ZS,InputDemand,Heat_Medium_Industrial,2025,0.20833333333333331
FinalEnergyConsumption,MTKK,InputDemand,Heat_Medium_Industrial,2025,0.4147222222222222
FinalEnergyConsumption,Dakar,InputDemand,Heat_Medium_Industrial,2030,2.341111111111111
FinalEnergyConsumption,Diourbel,InputDemand,Heat_Medium_Industrial,2030,0.8233333333333333
FinalEnergyConsumption,Thies,InputDemand,Heat_Medium_Industrial,2030,2.1866666666666665
FinalEnergyConsumption,LS,InputDemand,Heat_Medium_Industrial,2030,0.5349999999999999
FinalEnergyConsumption,FKK,InputDemand,Heat_Medium_Industrial,2030,0.7769444444444444
FinalEnergyConsumption,ZS,InputDemand,Heat_Medium_Industrial,2030,0.3061111111111111
FinalEnergyConsumption,MTKK,InputDemand,Heat_Medium_Industrial,2030,0.6097222222222222
FinalEnergyConsumption,Dakar,InputDemand,Heat_Medium_Industrial,2035,3.4413888888888886
FinalEnergyConsumption,Diourbel,InputDemand,Heat_Medium_Industrial,2035,1.2102777777777778
FinalEnergyConsumption,Thies,InputDemand,Heat_Medium_Industrial,2035,3.214444444444444
FinalEnergyConsumption,LS,InputDemand,Heat_Medium_Industrial,2035,0.7866666666666666
FinalEnergyConsumption,FKK,InputDemand,Heat_Medium_Industrial,2035,1.1422222222222222
FinalEnergyConsumption,ZS,InputDemand,Heat_Medium_Industrial,2035,0.45
FinalEnergyConsumption,MTKK,InputDemand,Heat_Medium_Industrial,2035,0.8963888888888888
FinalEnergyConsumption,Dakar,InputDemand,Heat_Medium_Industrial,2040,5.058888888888888
FinalEnergyConsumption,Diourbel,InputDemand,Heat_Medium_Industrial,2040,1.7788888888888887
FinalEnergyConsumption,Thies,InputDemand,Heat_Medium_Industrial,2040,4.7252777777777775
FinalEnergyConsumption,LS,InputDemand,Heat_Medium_Industrial,2040,1.156388888888889
FinalEnergyConsumption,FKK,InputDemand,Heat_Medium_Industrial,2040,1.6788888888888887
FinalEnergyConsumption,ZS,InputDemand,Heat_Medium_Industrial,2040,0.6616666666666667
FinalEnergyConsumption,MTKK,InputDemand,Heat_Medium_Industrial,2040,1.3175000000000001
FinalEnergyConsumption,Dakar,InputDemand,Heat_Medium_Industrial,2045,7.436666666666666
FinalEnergyConsumption,Diourbel,InputDemand,Heat_Medium_Industrial,2045,2.6149999999999998
FinalEnergyConsumption,Thies,InputDemand,Heat_Medium_Industrial,2045,6.946388888888889
FinalEnergyConsumption,LS,InputDemand,Heat_Medium_Industrial,2045,1.6997222222222221
FinalEnergyConsumption,FKK,InputDemand,Heat_Medium_Industrial,2045,2.4680555555555554
FinalEnergyConsumption,ZS,InputDemand,Heat_Medium_Industrial,2045,0.9724999999999999
FinalEnergyConsumption,MTKK,InputDemand,Heat_Medium_Industrial,2045,1.9369444444444444
FinalEnergyConsumption,Dakar,InputDemand,Heat_Medium_Industrial,2050,10.931944444444444
FinalEnergyConsumption,Diourbel,InputDemand,Heat_Medium_Industrial,2050,3.8441666666666667
FinalEnergyConsumption,Thies,InputDemand,Heat_Medium_Industrial,2050,10.21111111111111
FinalEnergyConsumption,LS,InputDemand,Heat_Medium_Industrial,2050,2.498611111111111
FinalEnergyConsumption,FKK,InputDemand,Heat_Medium_Industrial,2050,3.6280555555555556
FinalEnergyConsumption,ZS,InputDemand,Heat_Medium_Industrial,2050,1.4294444444444443
FinalEnergyConsumption,MTKK,InputDemand,Heat_Medium_Industrial,2050,2.8472222222222223
ElectricityShareOfFinalEnergy,Dakar,X,X,2022,0.14760014287163115
ElectricityShareOfFinalEnergy,Dakar,X,X,2025,0.1806992010005953
ElectricityShareOfFinalEnergy,Dakar,X,X,2030,0.17345405869166905
ElectricityShareOfFinalEnergy,Dakar,X,X,2035,0.18327485797632093
ElectricityShareOfFinalEnergy,Dakar,X,X,2040,0.20039831783641276
ElectricityShareOfFinalEnergy,Dakar,X,X,2045,0.19376566269674383
ElectricityShareOfFinalEnergy,Dakar,X,X,2050,0.17098104680358636
ElectricityShareOfFinalEnergy,Diourbel,X,X,2022,0.15432817012733405
ElectricityShareOfFinalEnergy,Diourbel,X,X,2025,0.1576311315251006
ElectricityShareOfFinalEnergy,Diourbel,X,X,2030,0.20885802681998286
ElectricityShareOfFinalEnergy,Diourbel,X,X,2035,0.21355091826846626
ElectricityShareOfFinalEnergy,Diourbel,X,X,2040,0.22691823659541607
ElectricityShareOfFinalEnergy,Diourbel,X,X,2045,0.24173031422277322
ElectricityShareOfFinalEnergy,Diourbel,X,X,2050,0.25214499079366043
ElectricityShareOfFinalEnergy,Thies,X,X,2022,0.11769838187462695
ElectricityShareOfFinalEnergy,Thies,X,X,2025,0.1802138224911368
ElectricityShareOfFinalEnergy,Thies,X,X,2030,0.2270924264067686
ElectricityShareOfFinalEnergy,Thies,X,X,2035,0.22484283863540178
ElectricityShareOfFinalEnergy,Thies,X,X,2040,0.20725111784749187
ElectricityShareOfFinalEnergy,Thies,X,X,2045,0.1967319449909622
ElectricityShareOfFinalEnergy,Thies,X,X,2050,0.18296847815400713
ElectricityShareOfFinalEnergy,LS,X,X,2022,0.14054670043023806
ElectricityShareOfFinalEnergy,LS,X,X,2025,0.13024799760718783
ElectricityShareOfFinalEnergy,LS,X,X,2030,0.2912445967412931
ElectricityShareOfFinalEnergy,LS,X,X,2035,0.279032381777635
ElectricityShareOfFinalEnergy,LS,X,X,2040,0.27819336835782355
ElectricityShareOfFinalEnergy,LS,X,X,2045,0.35713647687780076
ElectricityShareOfFinalEnergy,LS,X,X,2050,0.3916325176562928
ElectricityShareOfFinalEnergy,FKK,X,X,2022,0.1912818533586359
ElectricityShareOfFinalEnergy,FKK,X,X,2025,0.14922172210785223
ElectricityShareOfFinalEnergy,FKK,X,X,2030,0.22353337035680365
ElectricityShareOfFinalEnergy,FKK,X,X,2035,0.22543946504955842
ElectricityShareOfFinalEnergy,FKK,X,X,2040,0.23755838618045982
ElectricityShareOfFinalEnergy,FKK,X,X,2045,0.2775708546652431
ElectricityShareOfFinalEnergy,FKK,X,X,2050,0.2938796235791399
ElectricityShareOfFinalEnergy,ZS,X,X,2022,0.13687043732974985
ElectricityShareOfFinalEnergy,ZS,X,X,2025,0.16700277074875342
ElectricityShareOfFinalEnergy,ZS,X,X,2030,0.24386175890629205
ElectricityShareOfFinalEnergy,ZS,X,X,2035,0.2697704024005207
ElectricityShareOfFinalEnergy,ZS,X,X,2040,0.26688654254020167
ElectricityShareOfFinalEnergy,ZS,X,X,2045,0.22469285086560215
ElectricityShareOfFinalEnergy,ZS,X,X,2050,0.24065381226885604
ElectricityShareOfFinalEnergy,MTKK,X,X,2022,0.16953903916214064
ElectricityShareOfFinalEnergy,MTKK,X,X,2025,0.14249256573251817
ElectricityShareOfFinalEnergy,MTKK,X,X,2030,0.1950945105797012
ElectricityShareOfFinalEnergy,MTKK,X,X,2035,0.2186106777158897
ElectricityShareOfFinalEnergy,MTKK,X,X,2040,0.21643438961870498
ElectricityShareOfFinalEnergy,MTKK,X,X,2045,0.23466893619285908
ElectricityShareOfFinalEnergy,MTKK,X,X,2050,0.23800812437776012
ElectricityShareOfFinalEnergy,Total,X,X,2022,0.14749677474599351
ElectricityShareOfFinalEnergy,Total,X,X,2025,0.17001026632226174
ElectricityShareOfFinalEnergy,Total,X,X,2030,0.19811606053112565
ElectricityShareOfFinalEnergy,Total,X,X,2035,0.20648454089950077
ElectricityShareOfFinalEnergy,Total,X,X,2040,0.21523637857274755
ElectricityShareOfFinalEnergy,Total,X,X,2045,0.2194730749625403
ElectricityShareOfFinalEnergy,Total,X,X,2050,0.21170376257959708
